question,answer,model_answer,clean_model_answer,is_correct,em_score,f1_score,precision_score,recall_score,parse_result
ساختار آب چیست؟,اکسید هیدروژن,Could not find any relevant information to answer the question.,Could not find any relevant information to answer the question.,False,False,0.0,0.0,0.0,False
اکسیژن با کدام عناصر در دماهای بالا پیوند شیمیایی تشکیل می‌دهد؟,تقریباً با تمام عناصر,هیدروژن (H۲) و هلیم (He),هیدروژن (H۲) و هلیم (He),False,False,0.0,0.0,0.0,False
رضاخان دوران جنگ جهانی را بیشتر در کدام سمت ایران سپری کرد؟,غرب,غرب ایران,غرب ایران,True,False,0.6666666666666666,0.5,1.0,True
روس‌های سفید که بودند؟,,روس‌های سفید به گروهی از نیروهای ضد بلشویک در جنگ داخلی روسیه اشاره دارند.,روس‌های سفید به گروهی از نیروهای ضد بلشویک در جنگ داخلی روسیه اشاره دارند.,False,False,0.0,0.0,0.0,False
از بزرگان خوانین شهریار نام چه کسانی را می‌توان برد؟,کدخدا حسینقلی زند و فرزند ایشان باقرخان زند,,,False,False,0.0,0.0,0.0,False
چهار پرچم یافت‌شده در کتیبه‌های سنگی دوران ساسانی نماد چه هستند؟,سلطنتی و اشراف‌زادگی,سلطنتی و اشراف‌زادگی,سلطنتی و اشراف‌زادگی,True,True,1.0,1.0,1.0,True
محصولات صادراتی ژاپن چیست؟,تجهیزات حمل و نقل، اتومبیل، صنایع الکترونیک، ماشین آلات الکتریکی و صنایع شیمیایی,چندین محصول از جمله الکترونیک، خودرو، و ماشین‌آلات,چندین محصول از جمله الکترونیک، خودرو، و ماشین‌آلات,False,False,0.1904761904761905,0.25,0.15384615384615385,False
مهمترین آثار باستانی استان گیلان کدام است؟,,متن ارائه شده اطلاعاتی درباره آثار باستانی استان گیلان ندارد.,متن ارائه شده اطلاعاتی درباره آثار باستانی استان گیلان ندارد.,True,False,0.0,0.0,0.0,False
در سال 1963، گیلان به چند شهرستان تقسیم می‌شد؟,۱۱,۱۱ شهرستان,۱۱ شهرستان,True,False,0.6666666666666666,0.5,1.0,True
بازی‌های آسیایی ۲۰۱۰ در چه مکانی برگزار کردند؟,در جزیرهٔ هایزینشا، با استفاده از رودخانهٔ پرل و برج کانتون به عنوان نقاط کانونی برگزار کردند,گوانگژو، چین,گوانگژو، چین,False,False,0.0,0.0,0.0,False
لاوازیه در چه سالی متولد شد؟,,این اطلاعات در متن موجود نیست.,این اطلاعات در متن موجود نیست.,True,False,0.0,0.0,0.0,False
موقعیت جغرافیایی کلیسای کاتولیک رم چگونه است؟,,در شهر رم، کشور ایتالیا,در شهر رم، کشور ایتالیا,True,False,0.0,0.0,0.0,False
رم در کدام قاره قرار گرفته‌است؟,اروپا,اروپا,اروپا,True,True,1.0,1.0,1.0,True
تابع عملکرد جستجوی نورافکن در صفحه سمت چپ صفحه اصلی روی صفحه نمایش به کاربران چه اجازه‌ای می‌دهد؟,به کاربران اجازه می‌دهد تا درون رسانه‌ها، برنامه‌ها، ایمیل‌ها، دفترچه تلفن‌ها و فایل‌های مشابه را جستجو کنند,جستجو درون رسانه‌ها، برنامه‌ها، ایمیل‌ها، دفترچه تلفن‌ها و فایل‌های مشابه,جستجو درون رسانه‌ها، برنامه‌ها، ایمیل‌ها، دفترچه تلفن‌ها و فایل‌های مشابه,True,False,0.7407407407407407,1.0,0.5882352941176471,False
سالانه حدود چند زمین لرزه در ژاپن رخ می‌دهد؟,۱۵۰۰,حدود ۱۵۰۰ زمین لرزه,حدود ۱۵۰۰ زمین لرزه,True,False,0.4,0.25,1.0,True
گیلکی از نظر زبان شناسی به کجا تعلق دارد؟,به شاخه شمال غربی زبان‌های ایرانی,زبان‌های شمال غربی ایرانی,زبان‌های شمال غربی ایرانی,True,False,0.8,1.0,0.6666666666666666,False
جان کالوین کولیج معاون کدام رئیس جمهور بود؟,هاردینگ,وودرو ویلسون,وودرو ویلسون,False,False,0.0,0.0,0.0,False
علیمردان خان بختیاری وکیل‌الدوله  که بود؟,نایب‌السلطنه,علی مردان خان بختیاری نایب السلطنه و یکی از سه خان لر در سال ۱۱۶۳ بود.,علی مردان خان بختیاری نایب السلطنه و یکی از سه خان لر در سال ۱۱۶۳ بود.,True,False,0.0,0.0,0.0,False
مهم‌ترین مسائل غیرنظامی رضاخان چه بود؟,رابطه با بریتانیا و شوروی,آشنایی با مناسبات قدرت و سیاست,آشنایی با مناسبات قدرت و سیاست,False,False,0.3636363636363636,0.3333333333333333,0.4,False
سبک آوازی یا تولیدی «به خانه برگرد» سئو تایجی شبیه کدام سبک بود؟,سبک سیپرس هیل,"سبک آوازی یا تولیدی ""به خانه برگرد"" سیٔو تایجی شبیه سبک راک بود.","سبک آوازی یا تولیدی ""به خانه برگرد"" سیٔو تایجی شبیه سبک راک بود.",False,False,0.125,0.07692307692307693,0.3333333333333333,False
پس از کودتای چه سالی رضاشاه را سردار سپه می‌خواندند؟,۱۲۹۹,1921,1921,False,False,0.0,0.0,0.0,False
ابوموسی اشعری اهل کجا بود؟,,ابوموسی اشعری اهل اهواز بود.,ابوموسی اشعری اهل اهواز بود.,False,False,0.0,0.0,0.0,False
شهرهای سنجار و آمیدا به دست چه کسانی افتاده بود؟,ایرانی‌ها,جنگ‌های ایران و روم,جنگ‌های ایران و روم,False,False,0.0,0.0,0.0,False
تأثیر تمدن اژه ای بر تئاتر را شرح دهید.,تمدن باستانی اژه‌ای تأثیر مستقیم زیادی در تحول تئاتر نداشت، اما تئاتر غیرمستقیم آن فوق‌العاده زیاد بود، زیرا خدایان، قهرمانان و تاریخ همین مردم بود که مواد اولیهٔ ایلیاد و ادیسهٔ هومر و اکثر درام‌های یونانی را فراهم آورد. از این رو این تمدن‌ها به جهات مختلف زیربنای ادبیات غرب به‌شمار می‌آیند,متن ارائه شده هیچ اطلاعاتی درباره تأثیر تمدن اژه ای بر تئاتر ندارد.,متن ارائه شده هیچ اطلاعاتی درباره تأثیر تمدن اژه ای بر تئاتر ندارد.,False,False,0.03076923076923077,0.07692307692307693,0.019230769230769232,False
مساحت کشور کانادا را بگویید.,۹٬۹۸۴٬۰۰۰ کیلومتر مربع,۹٬۹۸۴٬۰۰۰ کیلومتر مربع,۹٬۹۸۴٬۰۰۰ کیلومتر مربع,True,True,1.0,1.0,1.0,True
ریشه یونانی اکسیژن چیست؟,اوکسیس,Oxygen,Oxygen,False,False,0.0,0.0,0.0,False
در چه سالی استفاده از واژه اینترنت معمول شد و مجازا برای اشاره به وب هم استفاده شد؟,سال ۱۹۹۶,اواسط دهه ۱۹۹۰,اواسط دهه ۱۹۹۰,False,False,0.0,0.0,0.0,False
انجمن حزبی جمهوری‌خواهان آزادی چیست؟,,حزب آزادی (راست افراطی به رهبری خیرت ویلدرس),حزب آزادی (راست افراطی به رهبری خیرت ویلدرس),False,False,0.0,0.0,0.0,False
شاهکار بینش‌پژوه چند آلبوم منتشر کرد؟,,اطلاعاتی در مورد تعداد آلبوم‌های منتشر شده توسط شاهکار بینش‌پژوه در متن موجود نیست.,اطلاعاتی در مورد تعداد آلبوم‌های منتشر شده توسط شاهکار بینش‌پژوه در متن موجود نیست.,True,False,0.0,0.0,0.0,False
موسیقی هیپ_هاپ در اوایل کدام دهه ایجاد شد؟,دهه ۱۹۷۰,دهه ۱۹۷۰,دهه ۱۹۷۰,True,True,1.0,1.0,1.0,True
قهستان در کجا بوده‌است؟,ناحیه بزرگی شامل قم ساوه عراق عجم همدان ری و اصفهان به مرکزیت همدان بوده‌است,خراسان شمالی,خراسان شمالی,False,False,0.0,0.0,0.0,False
انواع تئاتر را نام ببرید.,به جز نوع معیار گفتار دراماتیک، تئاتر نوع های  دیگری نیز دارد؛ مانند اپرا، باله، کابوکی، تعزیه، خیمه شب بازی و پانتومیم,Could not find any relevant information to answer the question.,Could not find any relevant information to answer the question.,False,False,0.0,0.0,0.0,False
کار برنامه‌نویس بزرگ رایانه چیست؟,,آزمودن و اشکال‌زدایی برنامه‌ها، تعمیر و نگهداری، و تولید راهنماهای کاربر.,آزمودن و اشکال‌زدایی برنامه‌ها، تعمیر و نگهداری، و تولید راهنماهای کاربر.,False,False,0.0,0.0,0.0,False
لری پیج و سرگئی برین و اریک اشمیت قبول کردند که چند سال کنار هم کار کنند؟,بیست سال,۴ سال,۴ سال,False,False,0.5,0.5,0.5,False
حاکم اصفهان در زمان مرگ نادر چه کسی بود؟,ابوالفتح‌خان بختیاری,محمد حسن خان,محمد حسن خان,False,False,0.0,0.0,0.0,False
چرا صربیا یکی از مشهورترین کشورها در زمینه رپ در اروپا محسوب می‌شود؟,به لطف وجود گروه رپ سندیکای بلگراد,متن ارائه شده اطلاعاتی دربارهٔ صربیا و رپ در اروپا ندارد.,متن ارائه شده اطلاعاتی دربارهٔ صربیا و رپ در اروپا ندارد.,False,False,0.1111111111111111,0.09090909090909091,0.14285714285714285,False
مسیحی پروتستان چگونه است؟,,مسیحی پروتستان به عنوان یک مذهب مسیحی، به اصول و اعتقادات خاص خود پایبند است که شامل تأکید بر ایمان شخصی، مطالعهٔ کتاب مقدس و رد برخی از آموزه‌های کلیسای کاتولیک می‌شود.,مسیحی پروتستان به عنوان یک مذهب مسیحی، به اصول و اعتقادات خاص خود پایبند است که شامل تأکید بر ایمان شخصی، مطالعهٔ کتاب مقدس و رد برخی از آموزه‌های کلیسای کاتولیک می‌شود.,False,False,0.0,0.0,0.0,False
مرحله ی بتا را شرح دهید.,مرحله‌ای که آن (نرم‌افزار) اشکال‌زدایی می‌گردد,مرحله ای که نرم افزار اشکال زدایی می گردد.,مرحله ای که نرم افزار اشکال زدایی می گردد.,True,False,0.13333333333333333,0.1111111111111111,0.16666666666666666,False
جین آئو- یونگ در چه سالی متولد شد؟َ,,اطلاعاتی در مورد سال تولد جین آی‌و-یونگ در متن موجود نیست.,اطلاعاتی در مورد سال تولد جین آی‌و-یونگ در متن موجود نیست.,True,False,0.0,0.0,0.0,False
تیلور اولین مأموریت خود را در چه تاریخی به نتیجه رساند؟,در شب ۲۹ اکتبر ۱۹۶۹ (۱۳۴۸ ه‍. ش),سال ۱۹۹۷,سال ۱۹۹۷,False,False,0.0,0.0,0.0,False
اینترنت شامل چه شبکه‌هایی است؟,شبکه‌های خصوصی، عمومی، دانشگاهی، تجاری و دولتی,Could not find any relevant information to answer the question.,Could not find any relevant information to answer the question.,False,False,0.0,0.0,0.0,False
طبق مطالعات انجام شده انسان ها از چند سال پیش مراسم آئینی اجرا می کردند؟,انسان از ۳۰۰۰۰ سال پیش مراسم آئینی اجرا می‌کرده‌است,Could not find any relevant information to answer the question.,Could not find any relevant information to answer the question.,False,False,0.0,0.0,0.0,False
حزب دموکرات ایالات متحده آمریکا توسط چه کسانی تأسیس شد؟,,متن موجود اطلاعاتی دربارهٔ تأسیس حزب دموکرات ایالات متحده آمریکا ارائه نمی‌دهد.,متن موجود اطلاعاتی دربارهٔ تأسیس حزب دموکرات ایالات متحده آمریکا ارائه نمی‌دهد.,True,False,0.0,0.0,0.0,False
ماده حاجب پرتونگاری چیست؟,,ماده حاجب پرتونگاری در متن موجود نیست.,ماده حاجب پرتونگاری در متن موجود نیست.,False,False,0.0,0.0,0.0,False
نویسنده‌ی کتاب «کُرّاسهٔ اَلمَعی» چه کسی است؟ ,غلامحسین افضل‌الملک,جاسم حسین,جاسم حسین,False,False,0.0,0.0,0.0,False
مشیرالدوله در خرداد چه سالی دولت تشکیل داد؟,۱۳۰۲,۱۳۰۰,۱۳۰۰,False,False,0.0,0.0,0.0,False
"پیوندهای هیدروژن بین مولکول‌های آب آنها را چند درصد نزدیکتر از آنچه انتظار می‌رود در یک مایع ساده که فقط دارای نیروی واندروالسی باشد، قرار داده‌است؟
",تقریباً ۱۵٪,نمی‌توان از متن اطلاعاتی در این مورد یافت.,نمی‌توان از متن اطلاعاتی در این مورد یافت.,False,False,0.0,0.0,0.0,False
هرمز سوم در باختر با چه کسی جنگید؟,هپتالیان,بلاش ششم,بلاش ششم,False,False,0.0,0.0,0.0,False
چه کسی پیرو برکناری قباد اول توسط اشراف، به تخت شاهنشاهی ساسانی نشست؟,جاماسپ,جاماسپ (زاماسپ),جاماسپ (زاماسپ),True,False,0.6666666666666666,0.5,1.0,True
واحد های بزرگ سیاسی تمدن یونان چه نام دارد؟,پولیس,پولیس,پولیس,True,True,1.0,1.0,1.0,True
ماهواره‌های کدام مدارات جهت مشاهدۀ سطح زمین مورد استفاده قرار می‌گیرند؟,مدارات قطبی,مدار هم‌زمان با زمین,مدار هم‌زمان با زمین,False,False,0.0,0.0,0.0,False
یزگرداول با چه کسی ازدواج کرد؟,شاهزاده یهودی,اطلاعاتی در مورد ازدواج یزگرد اول در متن موجود نیست.,اطلاعاتی در مورد ازدواج یزگرد اول در متن موجود نیست.,False,False,0.0,0.0,0.0,False
موسیقی رپ در بر گیرنده چیست؟,الفاظ مستهجن، خشن، ضد سفیدپوست و توهین‌آمیز نسبت به زنان,یک یا چند خواننده رپ که داستان‌های شبه خود زندگی‌نامه تعریف می‌کنند.,یک یا چند خواننده رپ که داستان‌های شبه خود زندگی‌نامه تعریف می‌کنند.,False,False,0.0,0.0,0.0,False
اولین گام در تأسیس صنعت نفت ایران و شرکت نفت انگلوپرشین چه بود؟,چاه شماره یک,حفر نخستین چاه نفت ایران و خاورمیانه در سال ۱۲۸۷ خورشیدی,حفر نخستین چاه نفت ایران و خاورمیانه در سال ۱۲۸۷ خورشیدی,True,False,0.14285714285714288,0.09090909090909091,0.3333333333333333,False
منظور از آتریاد چیست؟,تیپ,تیپ,تیپ,True,True,1.0,1.0,1.0,True
حسین بن محمد تقی نوری ملقب به چه نامی ‌است؟,خاتم المحدثین,نوری,نوری,False,False,0.0,0.0,0.0,False
واژهٔ گوگول به چه معنی است؟,عدد یک به همراه صد صفر,معنی واژهٔ گوگول در متن ارائه نشده است.,معنی واژهٔ گوگول در متن ارائه نشده است.,False,False,0.0,0.0,0.0,False
کشور شیلی در کدام قاره قرار دارد؟,,آمریکا,آمریکا,False,False,0.0,0.0,0.0,False
اصطلاح شنای سگی به چه معناست؟,سر را بیرون از آب نگه داشته و شنا می‌کند,Could not find any relevant information to answer the question.,Could not find any relevant information to answer the question.,False,False,0.0,0.0,0.0,False
در زمان صدارت چه کسی در دورهٔ ناصرالدین شاه قاجار، پرچم شیر و خورشید ایران بر فراز سفارت ایران در لندن برافراشته شد؟,امیرکبیر,میرزا تقی خان امیرکبیر,میرزا تقی خان امیرکبیر,True,False,0.4,0.25,1.0,True
احمدشاه، ایران را به قصد کدام کشور ترک کرد و هرگز بازنگشت؟,,افغانستان,افغانستان,False,False,0.0,0.0,0.0,False
چرا غواصی عمیق‌تر نیاز به مخلوط شدن مقدار قابل توجهی از اکسیژن با سایر گازها، از جمله نیتروژن یا هلیوم دارد؟,تا از اثر مسمومیت با اکسیژن جلوگیری شود.,برای جلوگیری از اثر مسمومیت با اکسیژن.,برای جلوگیری از اثر مسمومیت با اکسیژن.,True,False,0.7999999999999999,0.8571428571428571,0.75,False
بعد از کودتا اسفند 1299 مسعود خان به چه سمتی رسید؟,وزیر جنگ,حاکم شرع دادگاه‌های انقلاب,حاکم شرع دادگاه‌های انقلاب,False,False,0.0,0.0,0.0,False
در جنگ جهانی اول و جنگ جهانی دوم، ژاپن در کدام جبهه قرار داشت؟,در جنگ جهانی اول، ژاپن از متفقین بود و در جنگ جهانی دوم با متفقین می‌جنگید.,متفقین,متفقین,False,False,0.11764705882352941,1.0,0.0625,False
بودجه تئاتر ملی از کجا تأمین می گشت؟,امکانات و بودجهٔ خود را از محل خیریه آموزش و پرورش تأمین می‌کرد,متن ارائه شده اطلاعاتی درباره تأمین بودجه تئاتر ملی ندارد.,متن ارائه شده اطلاعاتی درباره تأمین بودجه تئاتر ملی ندارد.,False,False,0.0,0.0,0.0,False
اکسیژن عضوی از خانواده عناصر کدوم گروه است؟,گروه کالکوژن,گروه ۱۶ جدول تناوبی,گروه ۱۶ جدول تناوبی,True,False,0.3333333333333333,0.25,0.5,False
در دهه‌های ۱۹۶۰ تا ۱۹۸۰ گرایش غالب حزب جمهوری‌خواهان را چه گروهی شکل می‌دادند؟,میانه‌روها,فعالان ضد برده‌داری,فعالان ضد برده‌داری,False,False,0.0,0.0,0.0,False
چه کسی کادوسیان را شکست داد؟,نی‌نوس شاه آشوری,کریم خان زند,کریم خان زند,False,False,0.0,0.0,0.0,False
کدام‌یک از فرهنگ‌ها در فرهنگ ژاپن تاثیر داشتند؟,فرهنگ ژاپن طی هزاران سال از دوره جومون تا به امروز در حال تکامل بوده، فرهنگ معاصر ژاپن بسیار از آسیا، اروپا و آمریکای شمالی تأثیر پذیرفته‌است و در این بین نفوذ فرهنگ چینی پر رنگ‌تر است.,چینی، هندی، اروپایی، آمریکای شمالی,چینی، هندی، اروپایی، آمریکای شمالی,False,False,0.14285714285714288,0.6,0.08108108108108109,False
اینترنت از کدام دههٔ به صورت یک شبکهٔ همگانی و جهان‌شمول درآمد؟,از اواسط دههٔ ۱۹۹۰,اواسط دههٔ ۱۹۹۰,اواسط دههٔ ۱۹۹۰,True,False,0.8571428571428571,1.0,0.75,False
اینترنت چیست؟,شبکه‌ای از شبکه‌ها,Could not find any relevant information to answer the question.,Could not find any relevant information to answer the question.,False,False,0.0,0.0,0.0,False
چرا شوروی نظر مساعدی نسبت به رضاخان داشت؟,رهبر مبارزهٔ ملی علیه نفوذ بریتانیا,شوروی به دلیل حمایت رضاخان از قوای قزاق (طرفدار روسیه) در جنگ جهانی اول و درگیری با ملیون (طرفدار آلمان) نظر مساعدی نسبت به او داشت.,شوروی به دلیل حمایت رضاخان از قوای قزاق (طرفدار روسیه) در جنگ جهانی اول و درگیری با ملیون (طرفدار آلمان) نظر مساعدی نسبت به او داشت.,False,False,0.0,0.0,0.0,False
کلمه‌ی گوگل برگرفته از چه واژه‌ای است؟,,عدد گوگل (googol),عدد گوگل (googol),False,False,0.0,0.0,0.0,False
احزاب عمده ی هلند را نام ببرید؟,دموکرات مسیحی، سوسیال دموکرات (کار)، سوسیالیست، حزب سبزها و لیبرال,ال‌پی‌اف (فهرست پیم فورتاین) و حزب آزادی (به رهبری خیرت ویلدرس),ال‌پی‌اف (فهرست پیم فورتاین) و حزب آزادی (به رهبری خیرت ویلدرس),False,False,0.1904761904761905,0.18181818181818182,0.2,False
برای چه کسانی دشوار است که بتوانند وارد جریان اصلی ایالات متحده آمریکا بشوند؟,هنرمندان هیپ هاپ آسیایی,ایرانیان آمریکایی,ایرانیان آمریکایی,False,False,0.0,0.0,0.0,False
تا چند سال بعد از هوور، جمهوری‌خواهان از قدرت کنار گذاشته شدند؟,۲۰,۱۲ سال,۱۲ سال,False,False,0.0,0.0,0.0,False
تمدن اژه ای پیشاهنگ کدام تمدن بود؟,تمدن یونانی,تمدن یونان,تمدن یونان,True,False,0.5,0.5,0.5,False
ایوان ساترلند، درچه سالی، لارنس رابرتس را بر آن گماشت که پروژه‌ای را برای ایجاد یک شبکه آغاز نماید؟,سال ۱۹۶۵,۱۹۸۹,۱۹۸۹,False,False,0.0,0.0,0.0,False
در سال ۱۸۴۶ اولین مسابقه ی شنا در کجا و در چه مسافتی برپا شد؟,در مسافت ۴۴۰ یارد در استرالیا,اطلاعاتی در مورد اولین مسابقه شنا در سال ۱۸۴۶ در متن موجود نیست.,اطلاعاتی در مورد اولین مسابقه شنا در سال ۱۸۴۶ در متن موجود نیست.,False,False,0.21052631578947367,0.15384615384615385,0.3333333333333333,False
ریشهٔ شبکهٔ عظیم جهانی اینترنت به کدام دههٔ بازمی‌گردد؟,دههٔ ۱۹۶۰,دهه ۹۰,دهه ۹۰,False,False,0.0,0.0,0.0,False
گالریوس در نبرد های پیاپی برچه کسی پیروز شد؟,نرسه,شاپور,شاپور,False,False,0.0,0.0,0.0,False
روش‌های ذخیره سازی اکسیژن را نام ببرید؟,شامل کپسول اکسیژن با فشار بالا، فوق سردسازی و ترکیبات شیمیایی است,Could not find any relevant information to answer the question.,Could not find any relevant information to answer the question.,False,False,0.0,0.0,0.0,False
نخستین آثار ادبیات ژاپنی به کدام زبان سروده شدند؟,زبان چینی کلاسیک,زبان چینی کلاسیک,زبان چینی کلاسیک,True,True,1.0,1.0,1.0,True
در ژوئن ۲۰۲۰، دادخواستی که توسط دادگاه فدرال کالیفرنیا علیه گوگل تنظیم شد، گوگل را ملزم به پرداخت چه مبلغی کرد؟,۵ میلیارد دلار,مبلغی در متن ذکر نشده است.,مبلغی در متن ذکر نشده است.,False,False,0.0,0.0,0.0,False
دکترین کلیسای کاتولیک بر چه چیزی استوار است؟,اعتقاد نامه نیقیه,اعتقاد نامه نیقیه,اعتقاد نامه نیقیه,True,True,1.0,1.0,1.0,True
لاوازیه چه کسی بود؟,اولین کسی بود که اکسیژن را به‌عنوان یک عنصر شیمیایی مستقل به‌شمار آورد و به‌درستی به نقش آن در سوختن اشاره کرد,متن ارائه شده اطلاعاتی درباره لاوازیه ندارد.,متن ارائه شده اطلاعاتی درباره لاوازیه ندارد.,False,False,0.0,0.0,0.0,False
تعداد ضربه‌های پا در طی یک دور در شنای پروانه به طور عمومی نسبت به کرال سینه چگونه است؟,کمتر,کمتر است,کمتر است,True,False,0.6666666666666666,0.5,1.0,True
پاریس در کدام قاره قرار گرفته‌است؟,اروپا,اروپا,اروپا,True,True,1.0,1.0,1.0,True
در انتهای مقالهٔ «شیر و خورشید: نشان رسمی دولت ایران» چه تصاویری گردآوری شده‌است؟,تصویرهای گوناگونی از نقوش شیر و خورشید,تصویرهای گوناگونی از نقوش شیر و خورشید,تصویرهای گوناگونی از نقوش شیر و خورشید,True,True,1.0,1.0,1.0,True
آبراهام لینکلن در انتخابات ریاست جمهوری در سال ۱۸۶۰ چه کسی را شکست داد و وارد کاخ سفید شد؟,,استیونسون,استیونسون,False,False,0.0,0.0,0.0,False
اولین پادشاه دوران قاجار چه کسی بود؟,,فتحعلی شاه قاجار,فتحعلی شاه قاجار,False,False,0.0,0.0,0.0,False
شنا در برنامه های نظامی تمدن های باستانی چه جایگاهی داشت؟,,متن ارائه شده به شنا در برنامه های نظامی تمدن های باستانی اشاره ای ندارد.,متن ارائه شده به شنا در برنامه های نظامی تمدن های باستانی اشاره ای ندارد.,True,False,0.0,0.0,0.0,False
موسیقی هیپ هاپ، چگونه است؟,به صورت اشعار بسیار ریتمیک پر از تکنیک‌هایی همچون همگونی مصوت‌ها، تجانس آوایی، و قافیه است,"موسیقی هیپ هاپ عموماً از یک یا چند خواننده رپ تشکیل شده که داستان‌های شبه خود زندگی‌نامه تعریف می‌کنند و با یک قطعه‌سازی به نام ""بیت"" همراهی می‌شود.","موسیقی هیپ هاپ عموماً از یک یا چند خواننده رپ تشکیل شده که داستان‌های شبه خود زندگی‌نامه تعریف می‌کنند و با یک قطعه‌سازی به نام ""بیت"" همراهی می‌شود.",False,False,0.13636363636363635,0.10714285714285714,0.1875,False
در شنای پروانه حرکت پاها مانند حرکت چه چیزی در آب است؟,دلفین,Could not find any relevant information to answer the question.,Could not find any relevant information to answer the question.,False,False,0.0,0.0,0.0,False
شاهنشاهی ساسانی را چه کسی پایه گذاری کرد؟,اردشیر بابکان,اردشیر بابکان,اردشیر بابکان,True,True,1.0,1.0,1.0,True
پاتریشیا کرون، مایکل کوک بر اساس متن و تحقیقات باستان‌شناسی معتقدند مسجد الحرام در کجا واقع شده‌است؟,شمال غربی شبه جزیره عربستان,شمال غربی شبه جزیره عربستان,شمال غربی شبه جزیره عربستان,True,True,1.0,1.0,1.0,True
روش پزشکی پرفشار توسط چه کسی ابداع شد؟,,گستاو ایفل,گستاو ایفل,False,False,0.0,0.0,0.0,False
شعار غیررسمی شرکت گوگل توسط چه کسی ابداع شد؟,مهندس گوگل امیت پاتل,لری پیج و سرگی برین,لری پیج و سرگی برین,False,False,0.0,0.0,0.0,False
شنا در کدام گروه از ورزش ها قرار می گیرد؟,ورزش‌های آبی,ورزش های آبی,ورزش های آبی,True,False,0.0,0.0,0.0,False
چه چیز هایی اثرات اجتماعی بسیاری در طرز رفتار جوان مدرن داشته‌است؟,موفقیت چشمگیر هیپ هاپ --- مخصوصاً سبک رپ گانگستری ---,متن ارائه شده به این سوال پاسخ نمی‌دهد.,متن ارائه شده به این سوال پاسخ نمی‌دهد.,False,False,0.0,0.0,0.0,False
در چه سالی با تصویب مجلس شورای ملی به رضاشاه لقب رضاشاه کبیر داده شد؟,۱۳۲۸,در سال ۱۳۰۴,در سال ۱۳۰۴,False,False,0.0,0.0,0.0,False
نام عموی شورشی محمد شاه قاجار که بود؟,حسین‌علی میرزا فرمانفرما,ارشدالدوله,ارشدالدوله,False,False,0.0,0.0,0.0,False
درچه تاریخی بهرام دوم درگذشت؟,۲۹۳,۲۹۳,۲۹۳,True,True,1.0,1.0,1.0,True
شاپور دوم امپراتوری خود را در کجا برقرارکرد؟,نواحی جنوبی,ایران,ایران,False,False,0.0,0.0,0.0,False
زیباترین تپه گیلان چه نام دارد؟,,چراغ علی تپه,چراغ علی تپه,False,False,0.0,0.0,0.0,False
دارالفنون در چه سالی تأسیس شد؟,۱۲۳۰ خورشیدی (۱۸۵۱ میلادی),۱۲۳۰ خورشیدی,۱۲۳۰ خورشیدی,True,False,0.6666666666666666,1.0,0.5,False
بسیاری از برنامه‌نویس‌های حرفه‌ای به چه عنوان برای شرکت‌های مشاوره‌ای در محل‌های خدمت گیرنده کار می‌کنند؟,پیمانکار,Could not find any relevant information to answer the question.,Could not find any relevant information to answer the question.,False,False,0.0,0.0,0.0,False
واژه اینترنت اولین‌بار توسط چه کسی استفاده شد؟,,متن موجود اطلاعاتی درباره اینکه واژه اینترنت اولین‌بار توسط چه کسی استفاده شد، ارائه نمی‌دهد.,متن موجود اطلاعاتی درباره اینکه واژه اینترنت اولین‌بار توسط چه کسی استفاده شد، ارائه نمی‌دهد.,True,False,0.0,0.0,0.0,False
به چه علت برابرسازی پرداختی ها توسط دولت فدرال کانادا صورت گرفت؟,تا به مردم اطمینان ببخشد که استانداردهای برابری در مورد ارائهٔ خدمات و اخذ مالیات، در میان استان‌های فقیر و غنی، ارائه می‌شود.,به منظور ارتقا به یک «جامعه عادلانه» و ایجاد برابری و فراگیرندگی برای همه مردم.,به منظور ارتقا به یک «جامعه عادلانه» و ایجاد برابری و فراگیرندگی برای همه مردم.,False,False,0.26315789473684204,0.3333333333333333,0.21739130434782608,False
موزهٔ ارمیتاژ در کدام کشور است؟,روسیه,روسیه,روسیه,True,True,1.0,1.0,1.0,True
به طور کلی با هر حرک دست در شنای پروانه چند بار پای پروانه زده‌ می‌شود؟,دو بار,کمتر از کرال سینه,کمتر از کرال سینه,False,False,0.0,0.0,0.0,False
چرا جاماسپ مالیات ها را کاهش داد؟,به منظور کمک به کشاورزان و فقرا,متن ارائه شده اطلاعاتی درباره کاهش مالیات ها توسط جاماسپ ارائه نمی دهد.,متن ارائه شده اطلاعاتی درباره کاهش مالیات ها توسط جاماسپ ارائه نمی دهد.,False,False,0.0,0.0,0.0,False
در سرشماری سال ۲۰۱۶ کانادا، جمعیت ایرانیان به چند نفر رسید؟,حدود ۲۱۰ هزار نفر,حدود ۲۱۰ هزار نفر,حدود ۲۱۰ هزار نفر,True,True,1.0,1.0,1.0,True
چه ورزش هایی تبدیل به سرگرمی  شده اند؟,چوگان,Could not find any relevant information to answer the question.,Could not find any relevant information to answer the question.,False,False,0.0,0.0,0.0,False
چه کسانی بر اساس متن و تحقیقات باستان‌شناسی تصور کرده‌اند که «مسجدالحرام» در مکه واقع نشده‌است؟,پاتریشیا کرون، مایکل کوک,پاتریشیا کرون و مایکل کوک,پاتریشیا کرون و مایکل کوک,True,False,0.888888888888889,0.8,1.0,False
چه کسی به این نتیجه رسید که اجرای قرارداد ۱۹۱۹ امری غیرممکن است؟,آیرونساید,گرَنت مکرکن,گرَنت مکرکن,False,False,0.0,0.0,0.0,False
هاب را تعریف کنید؟,,Could not find any relevant information to answer the question.,Could not find any relevant information to answer the question.,False,False,0.0,0.0,0.0,False
الکسا چه چیز را بعنوان پربازدیدترین وبگاه اینترنت در فهرستش قرار داده‌است؟,اینترنت وبگاه گوگل در آمریکا,متن موجود به این سوال پاسخ نمی‌دهد.,متن موجود به این سوال پاسخ نمی‌دهد.,False,False,0.0,0.0,0.0,False
اولین گروه رپ که یک آلبوم هیپ هاپ رومانیایی عرضه کرد در آن به چه موضوعاتی پرداخت؟,«اجتماعی»,زندگی در بلوک‌های آپارتمانی رومانی دوران کمونیستی و پروژه‌های مسکن‌سازی در محله‌های آمریکایی,زندگی در بلوک‌های آپارتمانی رومانی دوران کمونیستی و پروژه‌های مسکن‌سازی در محله‌های آمریکایی,False,False,0.0,0.0,0.0,False
شرکت اَپل مجوز استفاده از آی‌اواس برای چه چیزی را نمی‌دهد؟,برای نصب بر روی سخت‌افزارهای شخص ثالث,نصب بر روی سخت‌افزارهای شخص ثالث,نصب بر روی سخت‌افزارهای شخص ثالث,True,False,0.923076923076923,1.0,0.8571428571428571,False
طوایف عرب خوزستان همگی از چه دسته‌ ای بودند؟,دسته کوچ نشین، غیر ثابت و با اصل و نسب مشخص در شبه جزیره عربستان,عربها,عربها,False,False,0.0,0.0,0.0,False
چرا ارمنستان همیشه مهم بوده است؟,اهمیت استراتژیک و اقتصادی داشته و به عنوان سرزمین حایل بین ایران و روم بوده.,ارمنستان به دلیل موقعیت جغرافیایی استراتژیک و نقش آن به عنوان نقطه تلاقی دو امپراتوری بزرگ، یعنی ایران و روم، همیشه مهم بوده است.,ارمنستان به دلیل موقعیت جغرافیایی استراتژیک و نقش آن به عنوان نقطه تلاقی دو امپراتوری بزرگ، یعنی ایران و روم، همیشه مهم بوده است.,True,False,0.4102564102564102,0.3333333333333333,0.5333333333333333,False
شنا برای کودکان زیر سه سال به چه صورت می باشد؟,شنا برای کودکان زیر سه سال فقط به صورت به اصطلاح شنای سگی است,متن موجود در زمینه شنا برای کودکان زیر سه سال اطلاعاتی ارائه نمی‌دهد.,متن موجود در زمینه شنا برای کودکان زیر سه سال اطلاعاتی ارائه نمی‌دهد.,False,False,0.4444444444444445,0.46153846153846156,0.42857142857142855,False
استان ها مسئول اکثر چه برنامه هایی هستند؟,برنامه‌های اجتماعی,برنامه های صنعتی و کشاورزی,برنامه های صنعتی و کشاورزی,False,False,0.0,0.0,0.0,False
شگون ها تا چه سده‌ای بر ژاپن حکومت می‌کردند؟,تا نیمه اول سده نوزدهم حکومت مستبدانه خود را بر ژاپن ادامه دادند.,تا سده هفتم,تا سده هفتم,False,False,0.25,0.6666666666666666,0.15384615384615385,False
انواع طبل را نام ببرید؟,,Could not find any relevant information to answer the question.,Could not find any relevant information to answer the question.,False,False,0.0,0.0,0.0,False
آی‌اواس در ابتدا برای کدام دستگاه‌ها توسعه داده می‌شد؟,آیفون و آی‌پاد,آیفون و آی‌پاد تاچ,آیفون و آی‌پاد تاچ,True,False,0.28571428571428575,0.25,0.3333333333333333,False
به چه علت پیشینه‌ی تاریخی پاسارگاد در طول تاریخ ناشناخته مانده‌است؟,تغییرنام این شهر,متن ارائه شده هیچ اشاره‌ای به پاسارگاد و علت ناشناخته ماندن پیشینه‌ی تاریخی آن ندارد.,متن ارائه شده هیچ اشاره‌ای به پاسارگاد و علت ناشناخته ماندن پیشینه‌ی تاریخی آن ندارد.,False,False,0.0,0.0,0.0,False
ابن بلخی در بیان راه‌های بین شیراز و اصفهان چند راه اصلی نام می‌برد؟,سه راه اصلی,سه راه اصلی,سه راه اصلی,True,True,1.0,1.0,1.0,True
زبان‌های برنامه‌نویسی محبوبی که برای وب و نرم‌افزارهای کاربردی تجاری استفاده می‌شوند را نام ببرید؟,جاوا، سی شارپ، ویژوال بیسیک و پی‌اچ‌پی,,,False,False,0.0,0.0,0.0,False
در سال ۱۲۸۸ رضاخان برای چه چیزی به زنجان و اردبیل اعزام شد؟,خواباندن شورش‌های طرفداران محمدعلی‌شاه و مخالفان مشروطه,برای خواباندن شورش‌های طرفداران محمدعلی‌شاه و مخالفان مشروطه,برای خواباندن شورش‌های طرفداران محمدعلی‌شاه و مخالفان مشروطه,True,False,0.9333333333333333,0.875,1.0,True
مایکل سندی‌ووجیس در چه سالی متولد شد؟,,,,True,False,0.0,0.0,0.0,False
چه زمانی جام توماس لیپتون به عنوان نخستین دوره رقابت‌های جام جهانی شناخته می‌شد؟,,نخستین دوره رقابت‌های جام جهانی در سال ۱۹۳۰ برگزار شد.,نخستین دوره رقابت‌های جام جهانی در سال ۱۹۳۰ برگزار شد.,False,False,0.0,0.0,0.0,False
شالبافی در کجا و توسط چه کسانی دراستان گیلان رایج است؟,شالبافی در تالش و توسط گالش‌ها,شالبافی در استان گیلان توسط زنان روستایی رایج است.,شالبافی در استان گیلان توسط زنان روستایی رایج است.,False,False,0.4,0.3333333333333333,0.5,False
پس از چه رویدادی فعالیت‌های سازمان دارِ تئاتر در اروپای غربی متوقف شد؟,پس از سقوط امپراتوری روم,جنگ جهانی اول,جنگ جهانی اول,False,False,0.0,0.0,0.0,False
نام فرد ایرانی که پست‌هایی همچون مشاور ارشد مدیر عامل گوگل و نایب‌رئیس ارشد بخش فروش را در این شرکت داشت چه بود؟,امید کردستانی,امید کردستانی,امید کردستانی,True,True,1.0,1.0,1.0,True
دوره‌ی مداری چیست؟,,Could not find any relevant information to answer the question.,Could not find any relevant information to answer the question.,False,False,0.0,0.0,0.0,False
بزرگترین مشکل استان خوزستان در حال حاضر چیست؟,,عدم ذکر مشکل خاصی در متن,عدم ذکر مشکل خاصی در متن,False,False,0.0,0.0,0.0,False
کریم‌خان زند خود را چه نامید؟,او خود راوکیل الرعایا نامید,سردار سپاه,سردار سپاه,False,False,0.0,0.0,0.0,False
چه چیزی در استان خوزستان قابلیت بالقوهٔ کشاورزی فراوانی ایجاد کرده‌است؟,ساختار جلگه‌ای استان خوزستان,منابع نفت و گاز,منابع نفت و گاز,False,False,0.0,0.0,0.0,False
بعد از لیندون بنیز جانسون چه کسی رئیس جمهور شد؟,ریچارد نیکسون,ریچارد نیکسون,ریچارد نیکسون,True,True,1.0,1.0,1.0,True
مدار ژئوسنکرون زمین در چه فاصله‌ای از سطح زمین است؟,۳۶۰۰۰ کیلومتری,۳۵٬۷۸۶ کیلومتر,۳۵٬۷۸۶ کیلومتر,False,False,0.0,0.0,0.0,False
علی بن موسی الرضا چگونه به شهادت رسید؟ ,,در متن موجود اطلاعاتی دربارهٔ چگونگی شهادت علی بن موسی الرضا ذکر نشده است.,در متن موجود اطلاعاتی دربارهٔ چگونگی شهادت علی بن موسی الرضا ذکر نشده است.,True,False,0.0,0.0,0.0,False
در قرن ۴ام اسلامی برای جمع‌آوری قرائت‌های مختلف قرآنی برای هر قاری چند راوی قرار دادند؟,دو,چهار راوی,چهار راوی,False,False,0.0,0.0,0.0,False
کادوسیان بنابر استرابو در کجا می‌زیستند؟,در کرانه جنوب غرب دریای خزر و جنوب ارس بین آلبانی در شمال و ماردی در شرق یعنی در بخش کوهستانی مادیه پیرامون پاراچوآتراس,در قفقاز,در قفقاز,False,False,0.07692307692307693,0.5,0.041666666666666664,False
ماهواره‌های مدارات قطبی جهت چه کاری مورد استفاده قرار می‌گیرند؟,مشاهدۀ سطح زمین,ماهواره‌های مدارات قطبی برای ارتباطات و عملکرد دقیق در کشوری متمدن و پیشرفته مورد استفاده قرار می‌گیرند.,ماهواره‌های مدارات قطبی برای ارتباطات و عملکرد دقیق در کشوری متمدن و پیشرفته مورد استفاده قرار می‌گیرند.,False,False,0.0,0.0,0.0,False
در سال 1963، کدام شهرستان کوچک در شمال به گیلان ملحق شد؟,آستارا,آستارا,آستارا,True,False,0.0,0.0,0.0,False
نسخه‌های تست بتا به وسیله ی چه گروهی اجرا شد؟,به وسیلهٔ گروهی غیر از تولیدکنندگان,گروه تولیدکننده,گروه تولیدکننده,False,False,0.0,0.0,0.0,False
در چه سالی دوپلر مقاله ای راجع به اثر دوپلر بر روی همه ی امواج نوشت؟,۱۸۴۲,1842,1842,True,False,0.0,0.0,0.0,True
آزمایش های سندی‌ووجیس در چه کتابی منتشر شده؟,در مورد احتراق,"در کتاب ""آزمایش های سندی‌ووجیس"" منتشر شده است.","در کتاب ""آزمایش های سندی‌ووجیس"" منتشر شده است.",False,False,0.18181818181818182,0.125,0.3333333333333333,False
تعدادی از موضوعات نقاشی انسان های گذشته را نام ببرید.,تصاویری همچون اهلی کردن حیوانات، کشت گندم، اختراع سفالگری و ترک زندگی کوچنشینی یعنی هنگامی که شکارچیان و تهیه‌کنندگان غذا در مکانی مستقر می‌شوند و به کشاورزی و دامداری رو می‌آورند,Could not find any relevant information to answer the question.,Could not find any relevant information to answer the question.,False,False,0.0,0.0,0.0,False
سنگ نوشته ای که در نزدیکی تخت جمشید است به چه زبانی است؟,فارسی و یونانی,فارسی و یونانی,فارسی و یونانی,True,True,1.0,1.0,1.0,True
کلیسای کاتولیک اهداف خود را بر چه چیزی تعریف می‌کند؟,گسترش انجیل عیسی مسیح، مدیریت کلیسا از طریق حاکمیت دینی و اعمال خیریه تاسیس بیمارستان، یتیم خانه و مدرسه,گسترش انجیل عیسی مسیح، مدیریت کلیسا از طریق حاکمیت دینی و اعمال خیریه,گسترش انجیل عیسی مسیح، مدیریت کلیسا از طریق حاکمیت دینی و اعمال خیریه,False,False,0.8125000000000001,1.0,0.6842105263157895,False
طبق نظر غالب محققان الگوی تکاملی تئاتر در جوامع مختلف به چه صورت می باشد؟,غالب محققان این نظر را که تئاتر در همهٔ جوامع از الگوی تکاملی واحدی پیروی کرده‌است و رد می‌کنند,سرچشمه تئاتر داستانسرایی است و از افسانه سرایی نشأت می‌گیرد.,سرچشمه تئاتر داستانسرایی است و از افسانه سرایی نشأت می‌گیرد.,False,False,0.13793103448275862,0.2,0.10526315789473684,False
امپراتوری ایران با کدام منطقه در صلح وآرامش بود؟,دشمنان شرقی,ارمنستان,ارمنستان,False,False,0.0,0.0,0.0,False
باشگاه شنای متروپولیتین لندن بعدها به چه چیزی تغییر نام پیدا کرد؟,انجمن شنای غیر حرفه‌ای,"باشگاه شنای متروپولیتین لندن به ""باشگاه شنای متروپولیتین"" تغییر نام پیدا کرد.","باشگاه شنای متروپولیتین لندن به ""باشگاه شنای متروپولیتین"" تغییر نام پیدا کرد.",False,False,0.125,0.08333333333333333,0.25,False
چه چیزی به آهنگسازان هیپ هاپ اجازه داد تا حدودی پارتیتورهای اولیه را به دست آورند؟,ظهور طبل برقی,افزایش محبوبیت هیپ هاپ و صحبت کردن نوازندگان در حین نواخته شدن موسیقی,افزایش محبوبیت هیپ هاپ و صحبت کردن نوازندگان در حین نواخته شدن موسیقی,False,False,0.0,0.0,0.0,False
فرهنگ میان‌رودان چگونه بوده است؟,,متن ارائه شده اطلاعاتی درباره فرهنگ میان‌رودان ندارد.,متن ارائه شده اطلاعاتی درباره فرهنگ میان‌رودان ندارد.,True,False,0.0,0.0,0.0,False
مدار ژیودزیکی چیست؟,,متن ارائه شده اطلاعاتی درباره مدار ژیودزیکی ندارد.,متن ارائه شده اطلاعاتی درباره مدار ژیودزیکی ندارد.,True,False,0.0,0.0,0.0,False
توپولوژی چیست؟,,متن ارائه شده اطلاعاتی درباره توپولوژی ندارد.,متن ارائه شده اطلاعاتی درباره توپولوژی ندارد.,True,False,0.0,0.0,0.0,False
در کدام دهه در هرسال اینترنت رشدی صد درصدی نسبت به سال قبل خود داشته‌است؟,در دهه ۹۰,دهه ۹۰,دهه ۹۰,True,False,0.8,1.0,0.6666666666666666,False
کاسپین صفت وصفی یا نسبی در زبان‌های انگلیسی و فرانسوی برای کدام واژه است؟,کاسپی,کاسپی,کاسپی,True,True,1.0,1.0,1.0,True
اکسیژن چگونه اجازه می‌دهد تا احتراق به سرعت و پرانرژی انجام شود؟,با غلظت و تراکم بالا,اکسیژن با غلظت و تراکم بالا اجازه می‌دهد تا احتراق به سرعت و پرانرژی انجام شود.,اکسیژن با غلظت و تراکم بالا اجازه می‌دهد تا احتراق به سرعت و پرانرژی انجام شود.,True,False,0.47619047619047616,0.3125,1.0,True
ابن فقیه همدانی در کتاب «اخبار البلدان» آورده‌است که آتش آذرگشنسب تا چه سالی روشن بوده‌است؟,سال ۲۷۴ خورشیدی,تا سال ۳۲ هجری,تا سال ۳۲ هجری,False,False,0.28571428571428575,0.25,0.3333333333333333,False
تاریخ ژاپن از کجا آغاز می‌گردد؟,آغاز تاریخ ژاپن، با مردمانی از نژاد آینو و مغول به سده‌های پیش از میلاد مسیح بازمی‌گردد,دوره جومون,دوره جومون,False,False,0.0,0.0,0.0,False
اروگوئه‌ای‌ها به چه علت مسابقات جام جهانی ایتالیا را تحریم کردند؟,از گسترش فاشیسم در ایتالیا ناراضی بودند,به دلیل گسترش فاشیسم در ایتالیا,به دلیل گسترش فاشیسم در ایتالیا,True,False,0.6153846153846153,0.6666666666666666,0.5714285714285714,False
مسابقات جام جهانی سال ۱۹۳۸ با حضور چند تیم برگزار شد؟,۱۵ تیم,۱۵ تیم,۱۵ تیم,True,True,1.0,1.0,1.0,True
نظام آموزشی کانادا را شرح دهید.,,متن ارائه شده شامل اطلاعاتی درباره نظام آموزشی کانادا نیست.,متن ارائه شده شامل اطلاعاتی درباره نظام آموزشی کانادا نیست.,True,False,0.0,0.0,0.0,False
یکی از سرویس‌های ارتباطی مهم در دسترس بر روی اینترنت را نام ببرید؟,پست الکترونیک,تلفن اینترنتی (VoIP),تلفن اینترنتی (VoIP),False,False,0.0,0.0,0.0,False
مشهورترین خوراکی استان گیلان از نظرجهانگردان چیست؟,,کته,کته,False,False,0.0,0.0,0.0,False
در سال 652 هجری در گیلان شهر چگونه شکل می‌گرفت؟,با جمع شدن مردم به‌طور موقت در یک روز و تشکیل بازار یا «گوراب» که از همان انبوهه و گروه گرفته شده بود شکل می‌گرفت,متن موجود اطلاعاتی دربارهٔ شکل‌گیری شهرها در سال 652 هجری قمری در گیلان ارائه نمی‌دهد.,متن موجود اطلاعاتی دربارهٔ شکل‌گیری شهرها در سال 652 هجری قمری در گیلان ارائه نمی‌دهد.,False,False,0.05,0.06666666666666667,0.04,False
دلیل تأثیر منفی ارتفاع زیاد چیست؟,رقیق شدن سریع اکسیژن روی انسان,متن ارائه شده هیچ اشاره‌ای به دلیل تأثیر منفی ارتفاع زیاد ندارد.,متن ارائه شده هیچ اشاره‌ای به دلیل تأثیر منفی ارتفاع زیاد ندارد.,False,False,0.0,0.0,0.0,False
چه کسانی مدت‌ها منبع محبوبی برای بریک بودند؟,جیمز براون، باب جیمز، و پارلیامنت,برتراند راسل و کارل سیگن,برتراند راسل و کارل سیگن,False,False,0.1818181818181818,0.2,0.16666666666666666,False
رضاشاه در جوانی به نام ناحیه‌ای که از آن برخاسته بود نامیده می‌شد، آن نام چیست؟,رضا سوادکوهی,مازندران,مازندران,False,False,0.0,0.0,0.0,False
دونالد ترامپ چندمین رئیس جمهور آمریکا بود؟,,۴۵,۴۵,True,False,0.0,0.0,0.0,False
شهر رم در کدام کشور است؟,ایتالیا,ایتالیا,ایتالیا,True,True,1.0,1.0,1.0,True
کدام مورخان نگاه سنتی در برابر روش گردآوری قرآن را رد کرده‌اند؟,مایکل کووک و پاتریکا کرون,Could not find any relevant information to answer the question.,Could not find any relevant information to answer the question.,False,False,0.0,0.0,0.0,False
نقاشی‌ بازدید ناصرالدین شاه از کشور روسیه در سال ۱۸۷۳ م (۱۲۹۰ ه‍.ق)  که شاه را سوار بر اسب در کنار الکساندر دوم امپراتور وقت روسیه می‌نمایاند در کدام موزه نگهداری می‌شود؟,موزهٔ ارمیتاژ روسیه,موزهٔ ارمیتاژ روسیه,موزهٔ ارمیتاژ روسیه,True,True,1.0,1.0,1.0,True
کدام‌یک از پادشاهان به آئین بودا معتقد بودند؟,,امپراتریس سویکو و امیر شوتوکو تیشی,امپراتریس سویکو و امیر شوتوکو تیشی,False,False,0.0,0.0,0.0,False
شنا کردن را تعریف کنید.,شناکردن عبارت است از حرکات منظم دست‌ها و پاها و به‌طور کلی بدن که امکان پیشروی موجودات زنده در آب را ممکن می‌سازد.,Could not find any relevant information to answer the question.,Could not find any relevant information to answer the question.,False,False,0.0,0.0,0.0,False
چه کسی اولین تئاتر زنان ایرانی را راه اندازی کرد؟,امیر سعادت,متن موجود اطلاعاتی دربارهٔ اولین تئاتر زنان ایرانی ارائه نمی‌دهد.,متن موجود اطلاعاتی دربارهٔ اولین تئاتر زنان ایرانی ارائه نمی‌دهد.,False,False,0.0,0.0,0.0,False
مایکل سندی‌ووجیس در سال ۱۶۰۴ چه ماده ای را شرح داد؟,ماده موجود در هوا,ماده ای در سال ۱۶۰۴ شرح داده نشده است.,ماده ای در سال ۱۶۰۴ شرح داده نشده است.,False,False,0.30769230769230765,0.2222222222222222,0.5,False
مهم‌ترین استان کانادا از لحاظ اقتصادی و سیاسی را نام ببرید.,انتاریو,انتاریو,انتاریو,True,True,1.0,1.0,1.0,True
نویسنده‌ی کتاب «کُرّاسهٔ اَلمَعی» چه کسی است؟,,جاسم حسین,جاسم حسین,False,False,0.0,0.0,0.0,False
چند اماکن عمومی که می‌توان در آن‌ها از اینترنت استفاده نمود نام ببرید؟,کتابخانه‌ها و کافی‌نتها,Could not find any relevant information to answer the question.,Could not find any relevant information to answer the question.,False,False,0.0,0.0,0.0,False
ارشد‌الدوله که بود؟,,در متن موجود اطلاعاتی درباره ارشدالدوله وجود ندارد.,در متن موجود اطلاعاتی درباره ارشدالدوله وجود ندارد.,True,False,0.0,0.0,0.0,False
وظیفه پی بندی و استانداردسازی پروتکل‌های هسته‌ای اینترنت، پروتکل اینترنت نسخه ۴ و پروتکل اینترنت نسخه ۶ بر عهده چه گروهی است؟,گروه ویژه مهندسی اینترنت,IETF,IETF,True,False,0.0,0.0,0.0,False
در کدام سواحل و در چه تاریخی از شنا در آب به عنوان وسیله‌ای برای درمان استفاده می‌شد؟,سواحل بریتانیای کبیر در اواخر قرن ۱۷ میلادی,متن ارائه شده اطلاعاتی در مورد استفاده از شنا به عنوان وسیله‌ای برای درمان ارائه نمی‌دهد.,متن ارائه شده اطلاعاتی در مورد استفاده از شنا به عنوان وسیله‌ای برای درمان ارائه نمی‌دهد.,False,False,0.08333333333333333,0.0625,0.125,False
کدام حزب ایالات متحده آمریکا با نام جی‌او‌پی یا حزب بزرگ قدیمی نیز شناخته می‌شود؟,حزب جمهوری‌خواه,حزب جمهوری‌خواه ایالات متحده آمریکا,حزب جمهوری‌خواه ایالات متحده آمریکا,True,False,0.5714285714285715,0.4,1.0,True
اشتراک نظر لوی استروس با مکتب کارکرد گرایی چیست؟,لِوی استروس همچون پیروان مکتب کارکرد گرایی، داروینیسم فرهنگی را رد می‌کند و معتقد است که هر جامعه‌ای خط فرهنگی خاصهٔ خود را به وجود می‌آورد,هر جامعه‌ای خط فرهنگی خاصهٔ خود را به وجود می‌آورد.,هر جامعه‌ای خط فرهنگی خاصهٔ خود را به وجود می‌آورد.,False,False,0.5,0.9,0.34615384615384615,False
در ابتدای تأسیس گوگل در سال ۱۹۹۸ تا اوت ۲۰۰۱، چه کسی مدیر ارشد اجرایی گوگل بود؟,لری پیج,اریک اشمیت,اریک اشمیت,False,False,0.0,0.0,0.0,False
شبکه استانی صدای مرکز گیلان دارای چند بخش است؟,دو بخش برون مرزی رادیو گرجی و رادیو تالشی,دو بخش برون مرزی رادیو گرجی و رادیو تالشی,دو بخش برون مرزی رادیو گرجی و رادیو تالشی,True,True,1.0,1.0,1.0,True
چرا پادشاهان در قرن هشتم دست از زندگی مجلل و اشرافی خود برداشتند؟,برخی از پادشاهان این دوره بعلت گرایش به آئین بودا و تعصب در این دین دست از زندگی مجلل و اشرافی خود برداشتند.,متن ارائه شده به این سوال پاسخ نمی‌دهد.,متن ارائه شده به این سوال پاسخ نمی‌دهد.,False,False,0.12903225806451613,0.25,0.08695652173913043,False
در سال 1909، چه کسی جام توماس لیپتون را در شهر تورین برگزار کرد؟,سر توماس لیپتون,جام توماس لیپتون در سال 1909 در شهر تورین برگزار شد.,جام توماس لیپتون در سال 1909 در شهر تورین برگزار شد.,False,False,0.28571428571428575,0.18181818181818182,0.6666666666666666,False
پنتاگون کجاست؟,مقر و فرماندهی وزارت دفاع ایالات متحدهٔ آمریکا,ایالات متحدهٔ آمریکا,ایالات متحدهٔ آمریکا,False,False,0.36363636363636365,0.6666666666666666,0.25,False
کمدی تا چه سالی به دیونوسیای شهر راه نیافت؟,تا سال‌های ۴۸۷–۴۸۶,سال ۵۳۴ قبل از میلاد,سال ۵۳۴ قبل از میلاد,False,False,0.0,0.0,0.0,False
بزرگترین و مهم‌ترین زن نمایشگر و خدای‌نامه‌خوان پس از اسلام کیست؟,همسر فردوسی,عبدالکریم حائری یزدی,عبدالکریم حائری یزدی,False,False,0.0,0.0,0.0,False
چه سرویسی با پیدایش اینترنت امکان‌پذیر شد؟,تلفن اینترنتی,تلفن اینترنتی (VoIP),تلفن اینترنتی (VoIP),True,False,0.8,0.6666666666666666,1.0,True
یکی از نکات مورد اختلاف بین ساسانی‌ها و رومی‌ها چه بوده‌است؟,ارمنستان,سیاست سختگیرانه امپراتوری روم نسبت به ارمنستان,سیاست سختگیرانه امپراتوری روم نسبت به ارمنستان,True,False,0.25,0.14285714285714285,1.0,True
در بمباران اتمی هیروشیما و ناکازاکی، در ژاپن چند نفر جان خود را از دست دادند؟,,حدود ۲۰۰٬۰۰۰ نفر,حدود ۲۰۰٬۰۰۰ نفر,False,False,0.0,0.0,0.0,False
عمره ترین شرکای تجاری ژاپن کدام کشور‌ها هستند؟,آمریکا با ۲۲٫۷٪، چین با ۱۳٫۱٪ و کره جنوبی با ۷٫۸٪ عمده‌ترین شرکای تجاری این کشور هستند.,روسیه، چین، شبه جزیره کره,روسیه، چین، شبه جزیره کره,False,False,0.1818181818181818,0.4,0.11764705882352941,False
وب توسط چه کسی اختراع شد؟,دانشمندی انگلیسی به نام تیم برنرز لی,Could not find any relevant information to answer the question.,Could not find any relevant information to answer the question.,False,False,0.0,0.0,0.0,False
نام جمهوری‌خواه از چه چیزی اقتباس گردید؟,از نام حزب جمهوری‌خواهان دموکراتیک که در ابتدای قرن نوزدهم توسط توماس جفرسون بنیان گذاشته شد,Could not find any relevant information to answer the question.,Could not find any relevant information to answer the question.,False,False,0.0,0.0,0.0,False
ساختمان دارالفنون در کدام قسمت تهران قرار گرفته‌است؟,مرکز شهر تهران,خیابان ناصرخسرو در مرکز شهر تهران,خیابان ناصرخسرو در مرکز شهر تهران,True,False,0.6666666666666666,0.5,1.0,True
تاریخ بلعمی پرچم امویان را به چه رنگی توصیف کرده‌است؟,سبز,رنگی ذکر نشده است.,رنگی ذکر نشده است.,False,False,0.0,0.0,0.0,False
به منظور تمرکززدایی بسیاری از وزارتخانه‌ها و سفارتخانه‌ها هلند در کدام شهر مستقر شده‌اند؟,لاهه,لاهه,لاهه,True,True,1.0,1.0,1.0,True
قران توسط زید بن ثابت طی چه مدتی جمع آوری شد؟,۱۴ ماه و تا زمان فوت ابوبکر در سال ۱۳ هجری,در مدت ۱۷ سال,در مدت ۱۷ سال,False,False,0.26666666666666666,0.5,0.18181818181818182,False
در شنای پروانه، پاها حدود چند سانتی‌متر در زیر آب است؟,۳۰ سانتی‌متر,۳۰ سانتی‌متر,۳۰ سانتی‌متر,True,True,1.0,1.0,1.0,True
تعداد دانلود اَپ استور در ۶ مارس ۲۰۱۲ چقدر بود؟,بیش از ۲۵ بیلیون بار,نمی‌توان اطلاعاتی در مورد تعداد دانلود اَپ استور در ۶ مارس ۲۰۱۲ ارائه داد.,نمی‌توان اطلاعاتی در مورد تعداد دانلود اَپ استور در ۶ مارس ۲۰۱۲ ارائه داد.,False,False,0.0,0.0,0.0,False
روستای آلاشت از توابع کجاست؟,سوادکوه,مازندران,مازندران,False,False,0.0,0.0,0.0,False
چگونه هلند با بریتانیا هم‌جوار است؟,دریا,هلند با بریتانیا هم‌جوار نیست.,هلند با بریتانیا هم‌جوار نیست.,False,False,0.0,0.0,0.0,False
«آئین‌نامه نظامی قواعد مشق و حرکات پیاده‌نظام دولت علیّه ایران» در چه زمانی به چاپ رسید؟,رمضان ۱۲۶۸ ه‍.ق (اوایل صدارت میرزا آقا خان نوری),سال ۱۳۱۱,سال ۱۳۱۱,False,False,0.0,0.0,0.0,False
فروش ۱٫۶۷ میلیارد دلاری سهام گوگل، سرمایه این شرکت را به چه قیمتی رساند؟,بیش از ۲۳ میلیارد دلار,نمی‌توان از متن اطلاعاتی در مورد قیمت سرمایه شرکت گوگل پس از فروش ۱٫۶۷ میلیارد دلاری سهام آن استخراج کرد.,نمی‌توان از متن اطلاعاتی در مورد قیمت سرمایه شرکت گوگل پس از فروش ۱٫۶۷ میلیارد دلاری سهام آن استخراج کرد.,False,False,0.16000000000000003,0.1,0.4,False
اولین مردی که شنای 100متر کرال سینه را زیر یک دقیقه شنا کرد کیست؟,,ریچارد کاویل,ریچارد کاویل,False,False,0.0,0.0,0.0,False
پایه اسیدها را چه چیزی تشکیل می‌دهد؟,هیدروژن,Could not find any relevant information to answer the question.,Could not find any relevant information to answer the question.,False,False,0.0,0.0,0.0,False
در سال 2006 تعداد روستاهای مسکون گیلان به چقدر کاهش یافت؟,۲۶۸۶,اطلاعاتی در مورد کاهش تعداد روستاهای مسکون گیلان در سال 2006 در متن موجود نیست.,اطلاعاتی در مورد کاهش تعداد روستاهای مسکون گیلان در سال 2006 در متن موجود نیست.,False,False,0.0,0.0,0.0,False
دو فضای نام اصلی اینترنت، نشانی پروتکل اینترنت و سامانه نام دامنه توسط چه سازمانی راهبری می‌شوند؟,آیکان,ICANN,ICANN,True,False,0.0,0.0,0.0,False
پاپک درچه تاریخی موفق به سرنگون کردن گوچهر از خاندان بازرنگیان شد؟,در سال ۲۰۰,سال ۲۰۰,سال ۲۰۰,True,False,0.8,1.0,0.6666666666666666,False
خاندان هوجو به کدام خاندان حکومت را واگذار کرد؟,خاندان هوجو در جدال بر سر قدرت، حاکمیت را به خاندان آشیکاگا واگذار کرد.,خاندان موری,خاندان موری,False,False,0.125,0.5,0.07142857142857142,False
نام کامل ون گوگ چیست؟,تئو فان خُخ,وینسنت ویلم ون گوگ,وینسنت ویلم ون گوگ,False,False,0.0,0.0,0.0,False
واژهٔ گوگول بعد از اختراع شدن توسط میلتون سیروتا در چه کتابی نوشته شد؟,ریاضیات و تخیل,"کتاب ""گودال و پری""","کتاب ""گودال و پری""",False,False,0.28571428571428575,0.25,0.3333333333333333,False
در بازی‌های آسیایی ۱۹۹۰ پکن چند ورزش المپیکی و چند ورزش غیر المپیکی باهم به رقابت پرداختند؟,۲۸ ورزش المپیکی و ۱۴ ورزش غیر المپیکی,آسیایی ۱۹۹۰ پکن: ۲۵ ورزش المپیکی و ۷ ورزش غیر المپیکی,آسیایی ۱۹۹۰ پکن: ۲۵ ورزش المپیکی و ۷ ورزش غیر المپیکی,False,False,0.631578947368421,0.5454545454545454,0.75,False
فتح هویزه در چه سالی اتفاق افتاد؟,,1979,1979,False,False,0.0,0.0,0.0,False
رضاخان به نصیحت چه کسانی مبنی بر ادامهٔ نظام پادشاهی و عدم تأسیس جمهوری گوش کرد؟,روحانیون بلند مرتبهٔ شیعه,سیاست‌مداران ایران و هیئت نمایندگی بریتانیا,سیاست‌مداران ایران و هیئت نمایندگی بریتانیا,False,False,0.0,0.0,0.0,False
چند نفر در سراسر دنیا بازی فینال جام جهانی سال ۲۰۰۶ را بصورت زنده مشاهده کردند؟,۷۱۵٫۱ میلیون نفر,نزدیک به ۱٫۰ میلیارد نفر,نزدیک به ۱٫۰ میلیارد نفر,False,False,0.25,0.2,0.3333333333333333,False
در سال 1378، چند درصد کل جمعیت روستایی استان خوزستان را عرب‌ها در برمی‌گرفتند؟,۳۸ درصد,حدود 70 درصد,حدود 70 درصد,False,False,0.4,0.3333333333333333,0.5,False
در راس کلیسای کاتولیک چه کسی قرار دارد؟,اسقف اعظم رم,پاپ,پاپ,True,False,0.0,0.0,0.0,False
تلاش های ایبریایی ها باعث چه چیزی شد؟,درگرفتن جنگی بین ایران و روم شد,تلاش های ایبریایی ها باعث ورود اندیشه های جدید به خرد جمعی مردم امپراتوری عثمانی و تمدن های بومی قاره امریکا نشد.,تلاش های ایبریایی ها باعث ورود اندیشه های جدید به خرد جمعی مردم امپراتوری عثمانی و تمدن های بومی قاره امریکا نشد.,False,False,0.06896551724137931,0.045454545454545456,0.14285714285714285,False
در سال 1950، گیلان به چه شهرستان‌هایی تقسیم شده بود؟,طوالش، فومن، بندر پهلوی (انزلی)، رشت و لاهیجان,طوالش، فومن، بندر پهلوی (انزلی)، رشت، لاهیجان,طوالش، فومن، بندر پهلوی (انزلی)، رشت، لاهیجان,True,False,0.9333333333333333,1.0,0.875,False
نور مرئی چیست؟,,نور مرئی قسمتی از طیف الکترومغناطیسی است که قابل دیدن توسط چشم انسان است.,نور مرئی قسمتی از طیف الکترومغناطیسی است که قابل دیدن توسط چشم انسان است.,False,False,0.0,0.0,0.0,False
یزگرد دوم به کجا لشکر کشید؟,غرب,شیراز,شیراز,False,False,0.0,0.0,0.0,False
فرح کریمی به نمایندگی از کدام حزب در مجلس هلند حضور داشته‌است؟,سبزها,حزب سبزها,حزب سبزها,True,False,0.6666666666666666,0.5,1.0,True
دانشگاه جندی شاپور را چه کسانی بنیان‌گذاردند؟,ساسانیان,ساسانیان,ساسانیان,True,True,1.0,1.0,1.0,True
اولین رهبر مسیحیان کاتولیک جهان چه کسی بود؟,,پطرس,پطرس,False,False,0.0,0.0,0.0,False
در ژاپن چند گونه گیاهی وجود دارد؟,بین ۴۰۰۰ تا ۶۰۰۰ گونه گیاهی,اطلاعاتی در مورد تعداد گونه‌های گیاهی در ژاپن در متن موجود نیست.,اطلاعاتی در مورد تعداد گونه‌های گیاهی در ژاپن در متن موجود نیست.,False,False,0.1111111111111111,0.08333333333333333,0.16666666666666666,False
اندکی بعد از کودتا اسفند 1299 بیانیه‌های تند و تیزی، یکی از سوی سید ضیاء و دیگری از سوی رضاخان، صادر شد که دربارهٔ چه بود؟,نجات کشور و سلطنت از دست خائنان و نالایقان و بازسازی آن,کودتا و بیانیه‌های تند و تیز سید ضیاء و رضاخان دربارهٔ برکناری دولت و تغییرات سیاسی بود.,کودتا و بیانیه‌های تند و تیز سید ضیاء و رضاخان دربارهٔ برکناری دولت و تغییرات سیاسی بود.,False,False,0.20689655172413793,0.17647058823529413,0.25,False
چند تیم در مسابقات جام جهانی سال 1934 در ایتالیا حضور داشتند؟,۱۶ تیم,16 تیم,16 تیم,True,False,0.5,0.5,0.5,True
چند درصد از مردم گیلان گویش خاوری دارند؟,,حدود ۳۷٫۷ درصد,حدود ۳۷٫۷ درصد,False,False,0.0,0.0,0.0,False
به کسی که نرم‌افزار رایانه می‌نویسد چه چیزهایی می‌گویند؟,برنامه‌نویس، برنامه‌نویس رایانه، توسعه‌دهنده، کدنویس، یا مهندس نرم‌افزار,Could not find any relevant information to answer the question.,Could not find any relevant information to answer the question.,False,False,0.0,0.0,0.0,False
اگر جسمی به سمت زمین در حرکت باشد، از نظر چشم غیرمترقبه در نور مرئی چه میزان متفاوت است؟,تفاوت محسوسی وجود نخواهد داشت,Could not find any relevant information to answer the question.,Could not find any relevant information to answer the question.,False,False,0.0,0.0,0.0,False
علت نام گذاری شنای تروجن چیست؟,نام نخستین نمایش دهنده آن (جیمز تروج) بر روی آن نهاده شده‌است,متن ارائه شده هیچ اطلاعاتی درباره علت نام گذاری شنای تروجن ندارد.,متن ارائه شده هیچ اطلاعاتی درباره علت نام گذاری شنای تروجن ندارد.,False,False,0.08333333333333333,0.08333333333333333,0.08333333333333333,False
چه کسی هفت هفته متوالی جایزه فری استایل فرایدی را در بت ۱۰۶ و پارک که برنامه‌ای مختص هیپ هاپ بود، را از آن خود کرد؟,یک هنرمند رپ چینی- آمریکایی به نام جین آئو- یونگ,امیر قلعه نویی,امیر قلعه نویی,False,False,0.0,0.0,0.0,False
به چه دلیل گیلان در سال 1395، استان بدون بار امنیتی عنوان شد؟,دغدغه ای از لحاظ امنیت در سطح کلان در گیلان نداشته‌اند و براساس ارزیابی‌های وزارت کشور ایران، دغدغه ای از لحاظ امنیت در سطح کلان در این استان نبوده‌است,متن موجود در زمینه گیلان و دلایل امنیتی آن در سال 1395 اطلاعاتی ارائه نمی‌دهد.,متن موجود در زمینه گیلان و دلایل امنیتی آن در سال 1395 اطلاعاتی ارائه نمی‌دهد.,False,False,0.18181818181818182,0.26666666666666666,0.13793103448275862,False
شاپور دوم چه سیاستی را درپی گرفت؟,سیاست دینی بی‌رحمانه,مرمت و بازسازی دانشگاه جندی شاپور,مرمت و بازسازی دانشگاه جندی شاپور,False,False,0.0,0.0,0.0,False
چگونه از پزشکی پرفشار برای بهبودی بیمار استفاده می‌شود؟,استفاده از اکسیژن در فشار بالاتر از فشار اتمسفر، و تسریع درمانی برای بیماری کاهش فشار با هدف کاهش اثرات مضر حباب‌های گاز با کاهش اندازه آن‌ها و فراهم کردن شرایط بهبودی بیمار,با افزایش فشار نسبی اکسیژن در اطراف بیمار و تسریع درمانی برای بیماری کاهش فشار.,با افزایش فشار نسبی اکسیژن در اطراف بیمار و تسریع درمانی برای بیماری کاهش فشار.,False,False,0.5000000000000001,0.8,0.36363636363636365,False
چند پروتکل که روی وب استفاده می‌شود را نام ببرید؟,,Could not find any relevant information to answer the question.,Could not find any relevant information to answer the question.,False,False,0.0,0.0,0.0,False
اروپا چندمین قاره جهان از نظر تراکم جمعیت است؟,دومین,دومین قاره,دومین قاره,True,False,0.6666666666666666,0.5,1.0,True
فیس‌بوک در چه سالی در دسترس عموم قرار گرفت؟,,2004,2004,False,False,0.0,0.0,0.0,False
علت مرگ هاردینگ چه بود؟,,متن موجود اطلاعاتی درباره علت مرگ هاردینگ ارائه نمی‌دهد.,متن موجود اطلاعاتی درباره علت مرگ هاردینگ ارائه نمی‌دهد.,True,False,0.0,0.0,0.0,False
منظور از شیطان سرخ چیست؟,اتحاد شوروی,اتحاد شوروی,اتحاد شوروی,True,True,1.0,1.0,1.0,True
چند روز بعد از به تصویب رسیدن سیزدهمین اصلاحیه قانون اساسی ایالات متحده آمریکا آبراهام لینکلن به قتل رسید؟,۵,5 روز,5 روز,True,False,0.0,0.0,0.0,True
در رومانی، بی. یو. جی. مافیا از کجا ظهور کرد؟,پنتلیمون بخارست,پنتلیمون بخارست,پنتلیمون بخارست,True,True,1.0,1.0,1.0,True
غواصان و خدمه زیردریایی‌ها از چه چیزی استفاده می‌کنند؟,از اکسیژن مصنوعی متناسب با فشار,اکسیژن مصنوعی متناسب با فشار,اکسیژن مصنوعی متناسب با فشار,True,False,0.9090909090909091,1.0,0.8333333333333334,False
قطعه‌سازی که اغلب از آن تحت عنوان «بیت» یاد می‌شود توسط چه کسی نواخته می‌شود؟,یک دی جی,دی جی,دی جی,True,False,0.8,1.0,0.6666666666666666,False
در چه سالی کمپانی گوگل اعلام کرد که قصد دارد صدها باتری خورشیدی نصب کرده و تا ۱٫۶ مگاوات نیروی برق تولید کند؟,سال ۲۰۰۶,۲۰۱۱,۲۰۱۱,False,False,0.0,0.0,0.0,False
پل باران در مطالعه جامع خود که برای نیروی هوایی ایالات متحده آمریکا منتشر کرده بود چه پیشنهادی داده بود؟,که برای دستیابی به استحکام و مقاومت در برابر حوادث از راه‌گزینی بسته کوچک استفاده شود,پیشنهاد خاصی در متن ارائه نشده است.,پیشنهاد خاصی در متن ارائه نشده است.,False,False,0.08695652173913043,0.14285714285714285,0.0625,False
دلیل اصلی خارج شدن ۳ تن از فرزندان حسین‌علی میرزا فرمانفرما از ایران به بریتانیا چه بود؟,,عدم امنیت و شرایط سیاسی,عدم امنیت و شرایط سیاسی,False,False,0.0,0.0,0.0,False
در کدام کشور میزبان جام جهانی، قبل ازآغاز مسابقات، زلزله ویرانگر و ۹٫۵ ریشتری شیلی رخ داد؟,شیلی,شیلی,شیلی,True,True,1.0,1.0,1.0,True
سلطان تنجی در دوران سلطنت خود چه‌کار هایی انجام داد؟,وی بر خلاف گذشته که امپراتور فقط ریاست قبایل را بر عهده داشت حکومت را مرکزیت قدرت کشور گردانید و این قدرت تمامیت‌خواهی را در سراسر امپراتوری برقرار کرد.,سلطان تنجی قدرت را مرکزیت بخشید، حکام ایالات را موظف به پرداخت خراج سالانه کرد و هم بستگی در سراسر کشور را ایجاد کرد.,سلطان تنجی قدرت را مرکزیت بخشید، حکام ایالات را موظف به پرداخت خراج سالانه کرد و هم بستگی در سراسر کشور را ایجاد کرد.,False,False,0.37735849056603776,0.4166666666666667,0.3448275862068966,False
در چه تاریخی با دادخواستی که توسط دادگاه فدرال کالیفرنیا علیه گوگل تنظیم شد، گوگل را ملزم به پرداخت 5 میلیارد دلار کرد؟,ژوئن ۲۰۲۰,این اطلاعات در متن موجود نیست.,این اطلاعات در متن موجود نیست.,False,False,0.0,0.0,0.0,False
حرکات منظم دست‌ها و پاها و به‌طور کلی بدن که امکان پیشروی موجودات زنده در آب را ممکن می‌سازد؛ چه می نامند؟,شناکردن,Could not find any relevant information to answer the question.,Could not find any relevant information to answer the question.,False,False,0.0,0.0,0.0,False
ارسطو راجع به کمدی چه می گوید؟,ارسطو می‌گوید کمدی از نمایش بدیهه سازی‌های سرخوانِ آوازه‌های آئینی فالیک بیرون آمده‌است,متن ارائه شده هیچ اشاره ای به ارسطو و نظرات او درباره کمدی ندارد.,متن ارائه شده هیچ اشاره ای به ارسطو و نظرات او درباره کمدی ندارد.,False,False,0.14814814814814817,0.14285714285714285,0.15384615384615385,False
اینترنت از چه شبکه‌هایی تشکیل شده؟,از میلیون‌ها شبکه خصوصی، عمومی، دانشگاهی، تجاری و دولتی در اندازه‌های محلی و کوچک تا جهانی و بسیار بزرگ تشکیل شده‌است,شبکه‌های خصوصی، عمومی، دانشگاهی، تجاری و دولتی,شبکه‌های خصوصی، عمومی، دانشگاهی، تجاری و دولتی,False,False,0.42857142857142855,0.8571428571428571,0.2857142857142857,False
روم کنترل کدام مناطق را به دست می گرفت؟,پنج ساتراپی بین دجله و ارمنستان,ارمنستان و شمال میان‌رودان,ارمنستان و شمال میان‌رودان,False,False,0.4,0.5,0.3333333333333333,False
مرکز زمین در کجای مسیر ماهواره‌ها قرار دارد؟,مرکز این مسیر یا در نقطۀ کانونی آن,در مدار هم‌زمان با زمین,در مدار هم‌زمان با زمین,False,False,0.15384615384615385,0.2,0.125,False
وارن گامالیل هاردینگ در انتخابات ریاست جمهوری سال ۱۹۲۰ آمریکا نامزد کدام حزب بود؟,جمهوری‌خواهان,جمهوری‌خواهان,جمهوری‌خواهان,True,True,1.0,1.0,1.0,True
وب جهان گستر چیست؟,مجموعه‌ای جهانی از اسناد و تصاویر و سایر منابعی است که به وسیله ابرپیوندها با یکدیگر ارتباط منطقی دارند,متن موجود در زمینه وب جهان گستر وجود ندارد.,متن موجود در زمینه وب جهان گستر وجود ندارد.,False,False,0.0,0.0,0.0,False
لاووازیه نام هوای حیاتی را در ۱۷۷۷ به چه نامی تغییر داد؟,اکسیژن,اکسیژن,اکسیژن,True,True,1.0,1.0,1.0,True
سالن ورودی گوگل پلکس مزین به چه چیزهایی است؟,یک پیانو، تعدادی سرور قدیمی، و جستارهای تحقیقاتی یک پروژه بر روی دیوار,فوتبال دستی، هاکی، میز تنیس و بازی‌های ویدئویی,فوتبال دستی، هاکی، میز تنیس و بازی‌های ویدئویی,False,False,0.09523809523809525,0.125,0.07692307692307693,False
مراسم افتتاحیه بازی‌های آسیایی ۲۰۱۰ در چه تاریخی برگزار شد؟,۱۲ نوامبر,۱۹ سپتامبر ۲۰۱۰,۱۹ سپتامبر ۲۰۱۰,False,False,0.0,0.0,0.0,False
بخش موازی در استان گیلان از ادغام چند بخش تشکیل شده بود؟,چهار بخش,چهار بخش رشت، کهدم، کوچصفهان و خشکبیجار,چهار بخش رشت، کهدم، کوچصفهان و خشکبیجار,True,False,0.4444444444444445,0.2857142857142857,1.0,True
زبان رایج ساسانیان چه بود؟,,فارسی,فارسی,False,False,0.0,0.0,0.0,False
اینترنت امکان دسترسی به رایانه‌های دیگر و انباره‌های اطلاعات را چگونه به کاربران رایانه می‌دهد؟,از راه دور,از طریق پروتکل اینترنت (TCP/IP) و شبکه‌های متصل به هم.,از طریق پروتکل اینترنت (TCP/IP) و شبکه‌های متصل به هم.,False,False,0.15384615384615383,0.1,0.3333333333333333,False
شهرهای تورنتو و اتاوا در کدام استان قرار دارند؟,استان انتاریو,استان انتاریو,استان انتاریو,True,True,1.0,1.0,1.0,True
میزان مهاجرت مردم خوزستان به شهرهای شمالی در سال 1399 چقدر بوده است؟,,معلوماتی در مورد میزان مهاجرت مردم خوزستان به شهرهای شمالی در سال 1399 در متن موجود نیست.,معلوماتی در مورد میزان مهاجرت مردم خوزستان به شهرهای شمالی در سال 1399 در متن موجود نیست.,False,False,0.0,0.0,0.0,False
رابرت تیلور متولد چه سالی بود؟,,متن موجود اطلاعاتی درباره تاریخ تولد رابرت تیلور ارائه نمی‌دهد.,متن موجود اطلاعاتی درباره تاریخ تولد رابرت تیلور ارائه نمی‌دهد.,True,False,0.0,0.0,0.0,False
هنگامی که علی بن موسی الرضا به ولایت عهدی رسید، بر خلاف سنت عباسیان چه رنگی را به عنوان رنگ خود برگزید؟,رنگ سبز,سبز,سبز,True,False,0.6666666666666666,1.0,0.5,False
دریای تتیس، اقیانوس آرام را به کدام اقیانوس متصل می‌کرد؟,اطلس,اقیانوس اطلس,اقیانوس اطلس,True,False,0.6666666666666666,0.5,1.0,True
آلبوم شاهکار بینش‌پژوه دارای چه سبکی است؟,سبک رپ طنز,سبک راک,سبک راک,False,False,0.4,0.5,0.3333333333333333,False
علت وجود برخی واژگان فرانسوی در زبان هلندی چیست؟,دوره‌های تسلط فرانسویان بر این منطقه,به دلیل استعمار فرانسه و تأثیرات فرهنگی آن بر هلند.,به دلیل استعمار فرانسه و تأثیرات فرهنگی آن بر هلند.,True,False,0.125,0.1,0.16666666666666666,False
خانواده نوش‌آفرین آیرملو بعد از کدام جنگ در تهران ساکن شده بودند؟,اصالتی گرجی یا ایروانی,جنگ جهانی اول,جنگ جهانی اول,False,False,0.0,0.0,0.0,False
یکی از محبوب ترین گروه‌ها در رومانی را نام ببرید؟,گروه پارازیتی,گروه پارازیتی,گروه پارازیتی,True,True,1.0,1.0,1.0,True
با توجه به کتاب «کُرّاسهٔ اَلمَعی» پرچم «بیرق قاپوق» در کجا در اهتزاز بوده‌است؟,محل اعدام مجرمان,در مصر,در مصر,False,False,0.0,0.0,0.0,False
شاپور چگونه کشته شد؟,بر اثر فروپاشی سقف بر سرش,بر اثر فروپاشی سقف بر سرش کشته شد.,بر اثر فروپاشی سقف بر سرش کشته شد.,True,False,0.8571428571428571,0.75,1.0,True
رضاشاه در کدام روستا متولد شد؟,آلاشت,اطلاعاتی در مورد محل تولد رضاشاه در متن موجود نیست.,اطلاعاتی در مورد محل تولد رضاشاه در متن موجود نیست.,False,False,0.0,0.0,0.0,False
عملیات بمباران اتمی هیروشیما و ناگازاکی به فاصله چند روز انجام شد؟,به فاصله ۳ روز,3 روز,3 روز,True,False,0.3333333333333333,0.5,0.25,False
چه کسی تحت تأثیر میرزا فتحعلی آخوند زاده پنج نمایشنامه نوشت؟,میرزا آقا تبریزی,محمدتقی بهار,محمدتقی بهار,False,False,0.0,0.0,0.0,False
در ژانویه ۲۰۱۱ گوگل اعلام کرد که دسترسی کاربران ایرانی به چه نرم‌افزارهایی آزاد است؟,گوگل ارث، پیکاسا و مرورگر کروم,گوگل ارث، پیکاسا، مرورگر کروم,گوگل ارث، پیکاسا، مرورگر کروم,True,False,0.9090909090909091,1.0,0.8333333333333334,False
ون گوگ در چه سالی به قتل رسید؟,۲۰۰۴,۱۸۹۰,۱۸۹۰,False,False,0.0,0.0,0.0,False
لطفعلی خان آخرین فرمانروای زند در چه سالی به دست آغا محمدخان قاجار کشته شد؟,سال ۱۲۰۹ هجری قمری,1794,1794,True,False,0.0,0.0,0.0,False
کدام جزء از جمهوری‌خواهان معتقد هستند که ایالات متّحده باید در عرصه‌ی خارجی سیاست‌هایی تهاجمی را دنبال کند و با کشورهایی که مزاحم منافع این کشورند، به شدّت برخورد کند؟,نومحافظه‌کاران,نومحافظه‌کاران,نومحافظه‌کاران,True,True,1.0,1.0,1.0,True
کدام کشور توانست موفق به کسب رتبهٔ نخست در جدول مدال‌ها در بازی‌های آسیایی ۲۰۱۰ شود؟,چین,ایران,ایران,False,False,0.0,0.0,0.0,False
صنایع دستی استان خوزستان را نام ببرید؟,,متن ارائه شده اطلاعاتی درباره صنایع دستی استان خوزستان ندارد.,متن ارائه شده اطلاعاتی درباره صنایع دستی استان خوزستان ندارد.,True,False,0.0,0.0,0.0,False
مرکز کالیفرنیا کدام شهر است؟,,سان رامون,سان رامون,False,False,0.0,0.0,0.0,False
اصلی‌ترین عامل پیشرفت آئین بودائی در ژاپن چه بود؟,تبلیغات غیر آزارنده و مسالمت‌آمیز، پرهیزکاری و اطاعت و انقیاد نسبت به حکومت بود.,تبلیغات غیر آزارنده و مسالمت‌آمیز، پرهیزکاری و اطاعت و انقیاد نسبت به حکومت,تبلیغات غیر آزارنده و مسالمت‌آمیز، پرهیزکاری و اطاعت و انقیاد نسبت به حکومت,True,False,0.962962962962963,1.0,0.9285714285714286,False
 استراحت، رفع فشار و معالجه اضطراری برای غواصان و خدمه زیردریایی‌ها در چه عمق و فشاری است؟,عمق نسبتاً کم (عمق ۶ متر یا کمتر) در فشارهای حداکثر ۲٫۸ بار,عمق ۶ متر یا کمتر و فشار حداکثر ۲٫۸ بار,عمق ۶ متر یا کمتر و فشار حداکثر ۲٫۸ بار,True,False,0.6956521739130435,0.8,0.6153846153846154,False
چه کسی کادوسیان را مجبور کرد که با مادها بجنگند؟,یک پارسی به نام پارسد,متن موجود به این سوال پاسخ نمی‌دهد.,متن موجود به این سوال پاسخ نمی‌دهد.,False,False,0.16666666666666666,0.14285714285714285,0.2,False
قسمت‌هایی از موسیقی سنتی کره را نام ببرید؟,پانسوری یا نانگک (موسیقی کشاورزان),,,False,False,0.0,0.0,0.0,False
مسعود خان کیست؟,,شاهزاده مسعود میرزا ظل‌السلطان ملقب به ظل السلطان,شاهزاده مسعود میرزا ظل‌السلطان ملقب به ظل السلطان,False,False,0.0,0.0,0.0,False
رپ تور نیویورک توسط چه کسی حمایت می‌شد؟,اروپا,اروپا ۱,اروپا ۱,True,False,0.6666666666666666,0.5,1.0,True
بزرگ‌ترین شاخه از کلیسای مسیحی کدام است؟,کلیسای کاتولیک,کلیسای کاتولیک,کلیسای کاتولیک,True,True,1.0,1.0,1.0,True
کریم خان زند به کدام شرکت در بوشهر پروانه زدن تجارتخانه  داد؟,شرکت انگلیسی هند شرقی,پروانه زدن تجارتخانه به شرکت انگلیسی هند شرقی,پروانه زدن تجارتخانه به شرکت انگلیسی هند شرقی,True,False,0.6666666666666666,0.5,1.0,True
مهم‌ترین احزاب سیاسی فعال ژاپن کدام احزاب می‌باشد؟,حزب لیبرال دموکرات، حزب دموکراتیک ژاپن، حزب کومه جدید، حزب کمونیست ژاپن، حزب سوسیال دموکرات,حزب لیبرال دموکرات، حزب دموکراتیک ژاپن، حزب کومه جدید، حزب کمونیست ژاپن، حزب سوسیال دموکرات,حزب لیبرال دموکرات، حزب دموکراتیک ژاپن، حزب کومه جدید، حزب کمونیست ژاپن، حزب سوسیال دموکرات,True,True,1.0,1.0,1.0,True
بارنه‌یود در چه سالی جسد خود را به مدرسه فروخت تا با مرگ وی شاگردان به تشریح بدن او بپردازند؟,,۱۸۲۲,۱۸۲۲,False,False,0.0,0.0,0.0,False
کلیسای کاتولیک چند میلیارد نفر پیرو دارد؟,یک و نیم میلیارد نفر,بیش از یک و نیم میلیارد نفر,بیش از یک و نیم میلیارد نفر,False,False,0.8333333333333333,0.7142857142857143,1.0,True
ساسانیان چه نوع حکومتی داشتند؟,,شاهنشاهی,شاهنشاهی,False,False,0.0,0.0,0.0,False
قسمت اعظم رپ در چه غالبی موجود است؟,نوشته‌های رسا,Could not find any relevant information to answer the question.,Could not find any relevant information to answer the question.,False,False,0.0,0.0,0.0,False
اولین کلیسای کاتولیک در کجا ساخته شد؟,,در رم، ایتالیا,در رم، ایتالیا,False,False,0.0,0.0,0.0,False
باب دیلن در چه سالی رپ انجام می‌داد؟,سال ۱۹۶۰,متن موجود اطلاعاتی درباره باب دیلن و رپ ارائه نمی‌دهد.,متن موجود اطلاعاتی درباره باب دیلن و رپ ارائه نمی‌دهد.,False,False,0.0,0.0,0.0,False
استاروسلسکی افسر کدام کشور بود؟,روس,روم,روم,False,False,0.0,0.0,0.0,False
شاخص امید به زندگی در مردان و زنان در ژاپن چقدر می‌باشد؟,شاخص امید به زندگی در مردان ۷۲/۶۴ و در زنان ۸۶/۳۹ می‌باشد.,اطلاعاتی در مورد شاخص امید به زندگی در مردان و زنان در ژاپن در متن موجود نیست.,اطلاعاتی در مورد شاخص امید به زندگی در مردان و زنان در ژاپن در متن موجود نیست.,False,False,0.6206896551724139,0.5294117647058824,0.75,False
در چه سالی گوگل سیاست استراحت ابتکاری را به وجود آورد؟,,۲۰۱۱,۲۰۱۱,False,False,0.0,0.0,0.0,False
شاهنشاهی ساسانی چند سال بر ایران حکومت کردند؟,۴۲۷ سال,427 سال,427 سال,True,False,0.5,0.5,0.5,True
شورای المپیک آسیا در سال ۲۰۱۰ با ورود چه رشته‌ای به بازی‌ها موافقت کرد؟,رشتهٔ کریکت (بیست۲۰),کریکت (بیست۲۰),کریکت (بیست۲۰),True,False,0.8,1.0,0.6666666666666666,False
ایستگاه‌های رادیویی هیپ هاپ تا چه سالی پا به عرصه وجود گذاشتند؟,تا سال ۱۹۸۲,۱۹۸۲,۱۹۸۲,True,False,0.5,1.0,0.3333333333333333,False
نام قرائت‌های مختلف قرآنی چیست؟,,نام قرأت‌های مختلف قرآنی در متن موجود ذکر نشده است.,نام قرأت‌های مختلف قرآنی در متن موجود ذکر نشده است.,False,False,0.0,0.0,0.0,False
چرا آتش‌سوزی که باعث کشته شدن خدمه آپولو ۱ در آزمایش سکوی پرتاب شد، خیلی سریع گسترش یافت؟,زیرا کپسول حاوی اکسیژن تحت فشاری در حدود ۱ اتمسفر بود,زیرا کپسول حاوی اکسیژن تحت فشاری در حدود ۱ اتمسفر بود.,زیرا کپسول حاوی اکسیژن تحت فشاری در حدود ۱ اتمسفر بود.,True,True,1.0,1.0,1.0,True
استان خوزستان در کجا واقع است؟,جنوب‌غربی ایران,ایران,ایران,False,False,0.6666666666666666,1.0,0.5,False
 لئونارد کلینراک چه کسی بود؟,استاد دانشگاه کالیفرنیا,متن موجود اطلاعاتی درباره لیٔونارد کلینراک ارائه نمی‌دهد.,متن موجود اطلاعاتی درباره لیٔونارد کلینراک ارائه نمی‌دهد.,False,False,0.0,0.0,0.0,False
انگلیسی‌ها در تجارت با کریم خان زند چه دادو ستدی داشتند؟,انگلیسی‌ها پارچه‌های پشمی به ایران می‌آوردند و در برابر کریم خان ایشان را از حق گمرک معاف نمود,متن ارائه شده اطلاعاتی دربارهٔ دادو ستد انگلیسی‌ها با کریم خان زند ندارد.,متن ارائه شده اطلاعاتی دربارهٔ دادو ستد انگلیسی‌ها با کریم خان زند ندارد.,False,False,0.1935483870967742,0.23076923076923078,0.16666666666666666,False
چرا برادر فرج‌الله بهرامی به مدرس سیلی‌ زد؟,,متن ارائه شده اطلاعاتی درباره برادر فرج‌الله بهرامی و سیلی زدن به مدرس ندارد.,متن ارائه شده اطلاعاتی درباره برادر فرج‌الله بهرامی و سیلی زدن به مدرس ندارد.,True,False,0.0,0.0,0.0,False
وحی چیست؟,,Could not find any relevant information to answer the question.,Could not find any relevant information to answer the question.,False,False,0.0,0.0,0.0,False
مخالفان رضاشاه معتقدند پهلوی یکم چه چیزهایی را در ایران نابود کرد؟,دموکراسی، مجلس، انتخابات و آزادی,"عقاید ""الحادی"" و ""مادی‌گرایانه""","عقاید ""الحادی"" و ""مادی‌گرایانه""",False,False,0.22222222222222224,0.25,0.2,False
چند درصد مردم چین به مسیحیت روی آوردند؟,,متن موجود اطلاعاتی درباره درصد مردم چین که به مسیحیت روی آورده‌اند ارائه نمی‌دهد.,متن موجود اطلاعاتی درباره درصد مردم چین که به مسیحیت روی آورده‌اند ارائه نمی‌دهد.,False,False,0.0,0.0,0.0,False
در حال حاضر مرکز استان خوزستان کدام شهر است؟,شهر اهواز,اهواز,اهواز,True,False,0.6666666666666666,1.0,0.5,False
کتیبه‌های سنگی دوران ساسانی درحال حاضر در کجا نگهداری می‌شوند؟ ,,در اطراف دریاچه آرال,در اطراف دریاچه آرال,False,False,0.0,0.0,0.0,False
نشان جمهوری اسلامی ایران به چه رنگی در میانه‌ی نوار سفید قرار دارد؟,رنگ سرخ,سرخ,سرخ,True,False,0.6666666666666666,1.0,0.5,False
مدرس از چه کسی سیلی خورد؟,برادر فرج‌الله بهرامی,Could not find any relevant information to answer the question.,Could not find any relevant information to answer the question.,False,False,0.0,0.0,0.0,False
به چه علت بخش زیادی از کانادا خالی از سکنه است؟,به دلیل سرما و نزدیکی به قطب شمال,به دلیل سرما و نزدیکی به قطب شمال,به دلیل سرما و نزدیکی به قطب شمال,True,True,1.0,1.0,1.0,True
در پی چه چیزی لینکلن اعلامیه معروف خود مبنی بر آزادی برده‌ها را اعلام کرد؟,پیروزی نظامی و معنوی دولت فدرال بر ایالت‌های تجزیه طلب جنوبی,پیروزی نظامی و معنوی دولت فدرال بر ایالت‌های تجزیه طلب جنوبی,پیروزی نظامی و معنوی دولت فدرال بر ایالت‌های تجزیه طلب جنوبی,True,True,1.0,1.0,1.0,True
در چه تاریخی سازمان اروپایی پژوهش دربارهٔ ذرات - پروژه وب جهان گستر را به اطلاع عموم رساند؟,ششم اوت ۱۹۹۱,تاریخ مشخصی در متن برای این سوال وجود ندارد.,تاریخ مشخصی در متن برای این سوال وجود ندارد.,False,False,0.0,0.0,0.0,False
کتاب‌خانه‌های کد پایه چیست؟,,Could not find any relevant information to answer the question.,Could not find any relevant information to answer the question.,False,False,0.0,0.0,0.0,False
بعد از مرگ هاردینگ چه کسی عهده‌دار پست ریاست جمهوری شد؟,جان کالوین کولیج,این اطلاعات در متن موجود نیست.,این اطلاعات در متن موجود نیست.,False,False,0.0,0.0,0.0,False
وضعیت تئاتر در سده ی هجدهم اروپا به چه شکل بود؟,,متن ارائه شده اطلاعاتی درباره وضعیت تئاتر در سده هجدهم اروپا ندارد.,متن ارائه شده اطلاعاتی درباره وضعیت تئاتر در سده هجدهم اروپا ندارد.,True,False,0.0,0.0,0.0,False
احتراق مجاورت، ایجاد شده در طول جنگ جهانی دوم، متکی به چیست؟,رادار داپلر,متکی به تنفس یاخته‌ای، پوسیدگی و احتراق است.,متکی به تنفس یاخته‌ای، پوسیدگی و احتراق است.,False,False,0.0,0.0,0.0,False
مهم ترین ایالت-شهرهای یونان باستان را نام ببرید.,آتیکا (آتن)، اسپارت، کورِنت، تِب، مگارو آرگوس,آتیکا (آتن)، اسپارت، کورِنت، تِب، مگارو، آرگوس,آتیکا (آتن)، اسپارت، کورِنت، تِب، مگارو، آرگوس,True,False,0.5714285714285714,0.5714285714285714,0.5714285714285714,False
جین آئو- یونگ در چه سالی توانست هفت هفته متوالی جایزه فری استایل فرایدی را در بت ۱۰۶ و پارک که برنامه‌ای مختص هیپ هاپ بود، از آن خود کند؟,سال ۲۰۰۲,2003,2003,False,False,0.0,0.0,0.0,False
فرهنگ مینوسی در چه بازه ی تاریخی شکفته بود؟,از سال ۲۵۰۰ تا ۱۴۰۰ پیش از میلاد,از سدهٔ هشتم تا ششم پیش از میلاد,از سدهٔ هشتم تا ششم پیش از میلاد,False,False,0.625,0.625,0.625,False
سردار رومی چه چیز هایی را پس گرفت؟,سرزمین‌های از دست رفته,اهالی رومی میان‌رودان و ارمنستان,اهالی رومی میان‌رودان و ارمنستان,False,False,0.0,0.0,0.0,False
اروندرود در کجا قرار دارد؟,,در گیلان,در گیلان,False,False,0.0,0.0,0.0,False
چند درصد از مردم خوزستان در سال 1395، در سکونتگاه‌های روستایی زندگی می‌کردند؟,۲۴/۵ درصد,اطلاعاتی در مورد درصد مردم خوزستان در سکونتگاه‌های روستایی در سال 1395 در متن موجود نیست.,اطلاعاتی در مورد درصد مردم خوزستان در سکونتگاه‌های روستایی در سال 1395 در متن موجود نیست.,False,False,0.1111111111111111,0.0625,0.5,False
یک مثال متداول برای اثر داپلر بزنید.,شنیدن صدای ماشینی است که از دور با آژیر نزدیک می‌شود و عبور می‌کند و سپس دور می‌شود,شنیدن صدای ماشینی که به سمت فرد نزدیک می‌شود و سپس دور می‌شود.,شنیدن صدای ماشینی که به سمت فرد نزدیک می‌شود و سپس دور می‌شود.,False,False,0.6451612903225806,0.7692307692307693,0.5555555555555556,False
نقاشی رژهٔ ارتش بریتانیا در برابر ملکه ویکتوریا و ناصرالدین شاه قاجار متعلق به چه سالی است؟,۱۸۷۳ م (۱۲۹۰ ه‍.ق),1873,1873,True,False,0.0,0.0,0.0,False
در دوره‌ی رئیس‌الوزرایی رضاخان، چه گروهی بیشترین نقش را در تبلیغات گسترده برای برپایی جمهوری داشت؟,ارتش,گروه ملیون,گروه ملیون,False,False,0.0,0.0,0.0,False
درچه سالی اردشیر با خاموش کردن شورش هایی از طرف دیگر برادرهایش که اعدام شدند،خود را حکمران پارس خواند؟,۲۰۸,۲۰۸,۲۰۸,True,True,1.0,1.0,1.0,True
هندوستان به استعمارچه کسانی درآمده بود؟,انگلیسی‌ها,هندوستان به استعمار بریتانیا در آمده بود.,هندوستان به استعمار بریتانیا در آمده بود.,True,False,0.0,0.0,0.0,False
فشار کپسولی که باعث کشته شدن کشته شدن خدمه آپولو ۱ در آزمایش سکوی پرتاب شد باید چقدر ‌می‌بود؟,باید فشار آن حدود ۱⁄۳ فشار محیط باشد,حدود ۱⁄۳ فشار محیط,حدود ۱⁄۳ فشار محیط,True,False,0.6666666666666666,1.0,0.5,False
اکسیژن قبل از سال ۱۶۰۴ توسط چه کسی جداسازی شد؟,مایکل سندی‌ووجیس,اکسیژن قبل از سال ۱۶۰۴ توسط هیچ کس جداسازی نشده است.,اکسیژن قبل از سال ۱۶۰۴ توسط هیچ کس جداسازی نشده است.,False,False,0.0,0.0,0.0,False
در اواخر دوره قاجار ایران به چند بخش تقسیم شده بود؟ ,نوزده بخش,چند بخش مشخص نشده است.,چند بخش مشخص نشده است.,False,False,0.28571428571428575,0.2,0.5,False
به چه دلیل کمیتهٔ المپیک کویت در ژانویه ۲۰۱۰ به حالت تعلیق درآمد؟,به دلیل دخالت‌های سیاسی دولت این کشور,به دلیل دخالت دولت در امور ورزشی,به دلیل دخالت دولت در امور ورزشی,True,False,0.42857142857142855,0.42857142857142855,0.42857142857142855,False
کلیسای کاتولیک رومی از بزرگ‌ترین کلیساهای کدام دین در جهان است؟,مسیحیت,مسیحیت,مسیحیت,True,True,1.0,1.0,1.0,True
جمعیت تخمینی عرب‌های استان خوزستان بر‌پایه آمار ذکر شده در سال 1378 چند نفر بوده‌است؟,بین یک میلیون و هشتصد هزار تا دو میلیون نفر,حدود 2 میلیون نفر,حدود 2 میلیون نفر,False,False,0.28571428571428575,0.5,0.2,False
حجم دریای خزر چند کیلومتر مکعب است؟,۷۷۰۰۰۰,770000 کیلومتر مکعب,770000 کیلومتر مکعب,True,False,0.0,0.0,0.0,True
رضاشاه پس از رسیدن به پادشاهی و گزیدن نام خانوادگی پهلوی به چه اسمی شناخته شد؟,رضاشاه پهلوی,رضا پهلوی,رضا پهلوی,False,False,0.5,0.5,0.5,False
در کدام کشور کمیسر اطلاعات، پس از اطمینان از اینکه گوگل در دریافت اشتباه اطلاعات، اطلاعات «مهمی» را دریافت نکرده‌است گوگل را تبرئه کرد؟,بریتانیا,ایران,ایران,False,False,0.0,0.0,0.0,False
اصالت نوش‌آفرین آیرملو چیست؟,گرجی یا ایروانی,اطلاعاتی در مورد اصالت نوش‌آفرین آیرملو در متن موجود نیست.,اطلاعاتی در مورد اصالت نوش‌آفرین آیرملو در متن موجود نیست.,False,False,0.0,0.0,0.0,False
ملیون که بود؟,,طرفدار آلمان در جنگ جهانی اول,طرفدار آلمان در جنگ جهانی اول,False,False,0.0,0.0,0.0,False
سامانه‌های خودگردان اینترنت با چه چیزی به هم متصل شده‌اند؟,روتر,روتر,روتر,True,True,1.0,1.0,1.0,True
آشناترین ترکیب اکسیژن چیست؟,آب,اکسیژن (O₂),اکسیژن (O₂),False,False,0.0,0.0,0.0,False
اولین آهنگ رپ فارسی با گرایشی عامه‌پسند توسط چه کسی تولید شد؟,حسن شماعی‌زاده,سروش هیچکس,سروش هیچکس,False,False,0.0,0.0,0.0,False
کشور مکزیک در کدام قاره واقع شده‌است؟,,آمریکا,آمریکا,False,False,0.0,0.0,0.0,False
پایتخت کانادا کجا می باشد؟,اُتاوا,اوتاوا,اوتاوا,True,False,0.0,0.0,0.0,False
شنای تروجن در چه سالی ابداع شد؟,سال ۱۸۷۸,اطلاعاتی در مورد سال ابداع شنای تروجن در متن موجود نیست.,اطلاعاتی در مورد سال ابداع شنای تروجن در متن موجود نیست.,False,False,0.15384615384615385,0.09090909090909091,0.5,False
سیستم عامل آی‌اواس چند نسخه دارد؟,,متن ارائه شده به تعداد نسخه‌های سیستم عامل آی‌اواس اشاره‌ای نکرده است.,متن ارائه شده به تعداد نسخه‌های سیستم عامل آی‌اواس اشاره‌ای نکرده است.,False,False,0.0,0.0,0.0,False
امپراتور در ژاپن بر اساس کدام معیار انتخاب می‌شود؟,,امپراتور نماد کشور و وحدت ملی است و در رابطه با امور حکومتی قدرتی ندارد.,امپراتور نماد کشور و وحدت ملی است و در رابطه با امور حکومتی قدرتی ندارد.,False,False,0.0,0.0,0.0,False
امیر کبیر در کجا به قتل رسید؟,,در کاخ فین در کاشان,در کاخ فین در کاشان,False,False,0.0,0.0,0.0,False
بخش عمده در‌آمدهای اقتصادی ژاپن مربوط به چیست؟,صادرات,تولید ناخالص داخلی,تولید ناخالص داخلی,False,False,0.0,0.0,0.0,False
درجه یاور معادل چیست؟,ستوان,یار,یار,False,False,0.0,0.0,0.0,False
شعار غیررسمی شرکت گوگل چه بود؟,شرور نباشید,Don't be evil,Don't be evil,True,False,0.0,0.0,0.0,False
داستان موسیقی هیپ هاپ، عموماً درمورد چیست؟,اغلب مربوط به یک همتای خیالی,داستان‌های شبه خود زندگی‌نامه خوانندگان رپ,داستان‌های شبه خود زندگی‌نامه خوانندگان رپ,False,False,0.0,0.0,0.0,False
نتیجه آزمایش‌های مایکل سندی‌ووجیس درمورد ماده موجود در هوا چه بود؟,تشخیص داد که این ماده معادل محصول جانبی گازی است که با تجزیه حرارتی پتاسیم نیترات آزاد می‌شود,نتیجه آزمایش‌های مایکل سندی‌ووجیس درمورد ماده موجود در هوا در متن ارائه نشده است.,نتیجه آزمایش‌های مایکل سندی‌ووجیس درمورد ماده موجود در هوا در متن ارائه نشده است.,False,False,0.125,0.14285714285714285,0.1111111111111111,False
در پایان دوره ریاست جمهوری لیندون بنیز جانسون چه چیزهایی باعث شد تا جمهوری‌خواهان مجدداً به حکومت دعوت شوند؟,ناکامی در جنگ ویتنام و رشد روحیه محافظه کاری در میان مردم,ناکامی در جنگ ویتنام و رشد روحیه محافظه کاری در میان مردم,ناکامی در جنگ ویتنام و رشد روحیه محافظه کاری در میان مردم,True,True,1.0,1.0,1.0,True
اندرو جانسون بعد از قتل لینکلن چه چیزی را در دستور کار خویش قرار داد؟,بازسازی اقتصادی جنوب و مبارزه با آخرین بقایای برده داری,بازسازی اقتصادی جنوب و مبارزه با آخرین بقایای برده داری,بازسازی اقتصادی جنوب و مبارزه با آخرین بقایای برده داری,True,False,0.9,0.9,0.9,False
چند تیم اروپایی در نخستین دوره رقابت‌های جام جهانی فوتبال حاضر بودند؟,۴ تیم,4 تیم,4 تیم,True,False,0.5,0.5,0.5,True
 اولین زن نمایشگر ایرانی متعلق به کدام سلسله می باشد؟,ساسانیان,سلسله قاجار,سلسله قاجار,False,False,0.0,0.0,0.0,False
اولین لشکرکشی شاپور دوم به کدام منطقه بود؟,روم در غرب,نمی‌توان از متن استخراج کرد.,نمی‌توان از متن استخراج کرد.,False,False,0.0,0.0,0.0,False
اقتصاد ژاپن در کدام دهه پیشرفت کرد؟,دهه ۱۹۶۰م,دهه پنجاه میلادی و اوایل دهه شصت,دهه پنجاه میلادی و اوایل دهه شصت,False,False,0.22222222222222224,0.14285714285714285,0.5,False
صدای و سیمای مرکز گیلان فعالیت خود را با چه دستگاهی آغاز کرد؟,فرستنده رادیویی ۷۵ واتی که آنتن آن در اداره پست و تلگراف گیلان نصب شده بود,یک دستگاه فرستنده رادیویی ۷۵ واتی,یک دستگاه فرستنده رادیویی ۷۵ واتی,False,False,0.36363636363636365,0.6666666666666666,0.25,False
متن بیانیه سید ضیاء بعد از کودتا اسفند 1299 چیست؟,,متن بیانیه سید ضیاء در اسفند 1299 در متن ارائه شده وجود ندارد.,متن بیانیه سید ضیاء در اسفند 1299 در متن ارائه شده وجود ندارد.,True,False,0.0,0.0,0.0,False
ژاپن در مقام مقایسه با کشور‌های دیگر در کدام مرتبه قرار می‌گیرد؟,در مقام مقایسه به‌طور تقریبی کشور ژاپن یک بیستم آمریکا، یک نهم هندوستان، یک و نیم برابر بریتانیا و چیزی کمتر از یک چهارم ایران است.,سومین اقتصاد بزرگ جهان از نظر تولید ناخالص داخلی,سومین اقتصاد بزرگ جهان از نظر تولید ناخالص داخلی,False,False,0.05714285714285715,0.1111111111111111,0.038461538461538464,False
اکسیژن سطح دریا از کجا خارج و به سمت کجا افزایش می‌یابد؟,در اطراف استوا خارج شده و به سمت قطب‌ها افزایش می‌یابد,از اطراف استوا به سمت قطب‌ها,از اطراف استوا به سمت قطب‌ها,True,False,0.5882352941176471,0.8333333333333334,0.45454545454545453,False
نامزد جمهوری‌‌خواهان در نخستین انتخابات ریاست جمهوری پس از تأسیس این حزب، که بود؟,جان فریمونت,جان سی. فرمونت,جان سی. فرمونت,True,False,0.4,0.3333333333333333,0.5,False
چرا امروزه مردم‌شناسان، جوامع ابتدایی را فرو دستانه برآورد نمی کنند؟,آن‌ها دریافته‌اند که اگرچه جوامع پیشرفته از دانش تخصصی و فنون بهره‌مندی بیشتری دارند، اما در مقابل، غالباً از نظر همبستگی و یکپارچگی ویژه‌ای که در جوامع کمتر پیشرفته وجود دارد، دچار کمبود قابل توجهی هستند,زیرا مردم‌شناسان به کارکرد روزانهٔ جوامع معین و خط فرهنگی خاصهٔ هر جامعه توجه دارند.,زیرا مردم‌شناسان به کارکرد روزانهٔ جوامع معین و خط فرهنگی خاصهٔ هر جامعه توجه دارند.,False,False,0.11764705882352941,0.2,0.08333333333333333,False
کریستیان یوهان دوپلر کیست؟,فیزیکدان اتریشی,فیزیکدان اتریشی که اثر دوپلر را در سال ۱۸۴۲ بیان کرد.,فیزیکدان اتریشی که اثر دوپلر را در سال ۱۸۴۲ بیان کرد.,True,False,0.3076923076923077,0.18181818181818182,1.0,True
هیئت مدیره بین‌المللی واترپلو و کمیته بین‌المللی شنا در چه سالی پا گرفتند؟,سال ۱۹۲۸,این اطلاعات در متن موجود نیست.,این اطلاعات در متن موجود نیست.,False,False,0.0,0.0,0.0,False
قبل از عرضه اولیه، چه سهمی از گوگل در اختیار یاهو بود؟,۸٫۴ میلیون,اطلاعاتی در این زمینه در متن موجود نیست.,اطلاعاتی در این زمینه در متن موجود نیست.,False,False,0.0,0.0,0.0,False
چند نفر از مجلس نمایندگان ژاپن را زنان تشکیل داده‌اند؟,,اطلاعاتی در این زمینه در متن موجود نیست.,اطلاعاتی در این زمینه در متن موجود نیست.,False,False,0.0,0.0,0.0,False
ون گوگ توسط چه کسی به قتل رسید؟,یک مراکشی,متن موجود اطلاعاتی درباره ون گوگ و قاتل او ارائه نمی‌دهد.,متن موجود اطلاعاتی درباره ون گوگ و قاتل او ارائه نمی‌دهد.,False,False,0.0,0.0,0.0,False
برنامه ی مسابقات شنای مردان در المپیک تا سال 1952 شامل چه رقابت هایی می شد؟,رقابت‌های کرال سینه، کرال پشت و قورباغه,مسابقات شنای مردان در المپیک تا سال 1952 شامل کرال سینه، پروانه، قورباغه و شنای مختلط بود.,مسابقات شنای مردان در المپیک تا سال 1952 شامل کرال سینه، پروانه، قورباغه و شنای مختلط بود.,False,False,0.3333333333333333,0.23529411764705882,0.5714285714285714,False
لئونارد کلینراک تئوری‌ مسیریابی سلسله مراتبی را در چه سالی ارائه کرد؟,سال ۱۹۶۷,۱۹۵۱,۱۹۵۱,False,False,0.0,0.0,0.0,False
چرا در بین مرزها بازرگانی و ازدواج و حتی جاسوسی را ممکن می‌ساخت؟,رفت‌وآمد بین مرزها آزاد بود,Could not find any relevant information to answer the question.,Could not find any relevant information to answer the question.,False,False,0.0,0.0,0.0,False
مهندس گوگل امیت پاتل، شعار غیر رسمی شرکت گوگل را در چه سالی ثبت کرد؟,,۲۰۱۱,۲۰۱۱,False,False,0.0,0.0,0.0,False
ساختمان اصلی گوگل به چه نامی شناخته می‌شود؟,گوگل‌پلکس,گوگل,گوگل,False,False,0.0,0.0,0.0,False
اولین خواننده هیپ هاپ در فرانسه چه کسی بود؟,,آفریقا بامباتا,آفریقا بامباتا,False,False,0.0,0.0,0.0,False
ژاپن از چند جزیره تشکیل شده‌است؟,بیش از ۶۸۰۰ جزیره,بیش از ۶۸۰۰ جزیره,بیش از ۶۸۰۰ جزیره,True,True,1.0,1.0,1.0,True
نام 3 خواهر ناتنی رضاه چیست؟,,اطلاعاتی در مورد خواهر ناتنی رضاه در متن موجود نیست.,اطلاعاتی در مورد خواهر ناتنی رضاه در متن موجود نیست.,False,False,0.0,0.0,0.0,False
در لغت‌نامه دهخدا واژه گیلان به چه معناست؟,محل سکونت گیل‌ها,محل سکونت گیل‌ها,محل سکونت گیل‌ها,True,True,1.0,1.0,1.0,True
 دلیل کافی برای کشف اکسیژن توسط سندی‌ووجیس از دیدگاه بوگاج چیست؟,جداسازی اکسیژن و ارتباط مناسب ماده با آن قسمت از هوا که برای زندگی لازم است,متن ارائه شده هیچ اشاره‌ای به کشف اکسیژن توسط سندی‌ووجیس یا دیدگاه بوگاج ندارد.,متن ارائه شده هیچ اشاره‌ای به کشف اکسیژن توسط سندی‌ووجیس یا دیدگاه بوگاج ندارد.,False,False,0.06666666666666667,0.07142857142857142,0.0625,False
جان دالتون درمورد جرم اتمی اکسیژن به چه نتیجه‌ای رسیده‌‌بود؟,به این نتیجه رسید که جرم اتمی اکسیژن ۸ برابر بیشتر از هیدروژن است,جان دالتون درمورد جرم اتمی اکسیژن به نتیجه‌ای نرسیده است، زیرا در متن ارائه شده اطلاعاتی در این زمینه وجود ندارد.,جان دالتون درمورد جرم اتمی اکسیژن به نتیجه‌ای نرسیده است، زیرا در متن ارائه شده اطلاعاتی در این زمینه وجود ندارد.,False,False,0.34285714285714286,0.2857142857142857,0.42857142857142855,False
میان‌رودان تحت سلطه کدام کشور بود؟,ایران,روم,روم,False,False,0.0,0.0,0.0,False
قدمت شنا کردن به حدود چند سال قبل از میلاد بر می گردد؟,,حدود ۴۰۰۰ سال قبل از میلاد,حدود ۴۰۰۰ سال قبل از میلاد,False,False,0.0,0.0,0.0,False
هنرهای هفتگانه را نام ببرید.,,Could not find any relevant information to answer the question.,Could not find any relevant information to answer the question.,False,False,0.0,0.0,0.0,False
یکی از پرفروش‌ترین آلبوم‌های سال ۲۰۰۵ برای چه گروهی بوده؟,گروه رپ سندیکای بلگراد,انریکه ایگلسias,انریکه ایگلسias,False,False,0.0,0.0,0.0,False
در طی لشگرکشی چه کسی به مسیحیانی که در لشکرش بودند مشکوک شد و آن‌ها را از حکومت و ارتش اخراج کرد؟,یزدگرد دوم,یزدگرد اول,یزدگرد اول,False,False,0.5,0.5,0.5,False
اولین وب سایتی که در شبکه قرار گرفت درمورد چه بود؟,,Could not find any relevant information to answer the question.,Could not find any relevant information to answer the question.,False,False,0.0,0.0,0.0,False
پرچم امویان بر طبق گفتهٔ طبری به چه رنگی بوده‌است؟,سفید,متن موجود اطلاعاتی دربارهٔ رنگ پرچم امویان ارائه نمی‌دهد.,متن موجود اطلاعاتی دربارهٔ رنگ پرچم امویان ارائه نمی‌دهد.,False,False,0.0,0.0,0.0,False
جاذبه‌های تاریخی تفرش را نام ببرید؟,,متن ارائه شده جاذبه‌های تاریخی تفرش را نام نمی‌برد.,متن ارائه شده جاذبه‌های تاریخی تفرش را نام نمی‌برد.,True,False,0.0,0.0,0.0,False
چرا بسیاری از وزارتخانه‌ها و سفارتخانه‌ها هلند خارج از پایتخت آن مستقر شده‌اند؟,تمرکززدایی,متن موجود به این سوال پاسخ نمی‌دهد.,متن موجود به این سوال پاسخ نمی‌دهد.,False,False,0.0,0.0,0.0,False
در چه بازه ی زمانی فدراسیون‌های ملی شنا در چندی از کشورهای اروپایی شکل گرفتند؟,در سال ۱۸۸۲ تا ۱۸۸۹,در سال 1880,در سال 1880,False,False,0.5,0.6666666666666666,0.4,False
برای مردم عراق عجم، منطقه‌ خزر همسایه چگونه است؟,جهانی درهم برهم و واژگون هویت خودشان است,جهانی درهم برهم و واژگون هویت خودشان است.,جهانی درهم برهم و واژگون هویت خودشان است.,True,True,1.0,1.0,1.0,True
پزشکی پرفشار چیست؟,یک درمان پزشکی است,یک درمان پزشکی که از اتاق‌های اکسیژن مخصوص برای افزایش فشار نسبی اکسیژن استفاده می‌شود.,یک درمان پزشکی که از اتاق‌های اکسیژن مخصوص برای افزایش فشار نسبی اکسیژن استفاده می‌شود.,False,False,0.31578947368421056,0.2,0.75,False
در بعضی از گویش‌های رایج در استان خوزستان «بختیاری» برای ادای حرف «خ» از چه حرفی بهره می‌گیرد؟,«ح»,ک,ک,False,False,0.0,0.0,0.0,False
درفش کاویانی چه زمانی ازبین رفت؟,پس از سرنگونی ساسانیان,پس از سرنگونی ساسانیان,پس از سرنگونی ساسانیان,True,True,1.0,1.0,1.0,True
مجتمع کاغذسازی هفت‌تپه به تولید چه چیزی می‌پردازد؟,استفاده از ضایعات نیشکر به تولید کاغذ می‌پردازد,متن ارائه شده به مجتمع کاغذسازی هفت‌تپه اشاره‌ای نکرده است.,متن ارائه شده به مجتمع کاغذسازی هفت‌تپه اشاره‌ای نکرده است.,False,False,0.11111111111111112,0.1,0.125,False
آخرین فرمانروای زند کیست؟,لطفعلی خان,ناصرالدین شاه قاجار,ناصرالدین شاه قاجار,False,False,0.0,0.0,0.0,False
بلشویک‌ها که بودند؟,,بلشویک‌ها گروهی از سوسیالیست‌های تندرو بودند که به رهبری لنین در روسیه فعالیت می‌کردند.,بلشویک‌ها گروهی از سوسیالیست‌های تندرو بودند که به رهبری لنین در روسیه فعالیت می‌کردند.,False,False,0.0,0.0,0.0,False
سه عنصر فراوان در کیهان را نام‌ ببرید؟,هیدروژن و هلیوم، اکسیژن,هیدروژن، هلیم، اکسیژن,هیدروژن، هلیم، اکسیژن,True,False,0.5714285714285715,0.6666666666666666,0.5,False
خطوط زمینی پهن باند از چه طریقی است؟,از طریق کابل کواکسیال، فیبر نوری یا سیم مسی,Could not find any relevant information to answer the question.,Could not find any relevant information to answer the question.,False,False,0.0,0.0,0.0,False
پا زدن در شنای پروانه شبیه به پا زدن در کدام حرکت شنا است؟,کرال سینه,کرال سینه,کرال سینه,True,True,1.0,1.0,1.0,True
مرادعلی خان در کدام سال خورشیدی در جنگ کشته شد؟,۱۲۳۵,سال ۱۱۷۱,سال ۱۱۷۱,False,False,0.0,0.0,0.0,False
دفتر مرکزی شرکت یاهو در کجا قرار دارد؟,,در متن موجود اطلاعاتی درباره دفتر مرکزی شرکت یاهو وجود ندارد.,در متن موجود اطلاعاتی درباره دفتر مرکزی شرکت یاهو وجود ندارد.,False,False,0.0,0.0,0.0,False
معاون لینکلن چه کسی بود؟,اندرو جانسون,اندرو جانسون,اندرو جانسون,True,True,1.0,1.0,1.0,True
زبان رسمی کشور کانادا چیست؟,,انگلیسی و فرانسوی,انگلیسی و فرانسوی,False,False,0.0,0.0,0.0,False
 امروزه پذیرفته ‌ترین نظریه درباره ی خاستگاه تئاتر چیست؟,منشأ آئینی امروز پذیرفته‌ترین نظریه دربارهٔ خاستگاه تئاتر است,متن ارائه شده به این سوال پاسخ نمی‌دهد.,متن ارائه شده به این سوال پاسخ نمی‌دهد.,False,False,0.0,0.0,0.0,False
چرا تجارت قند و چای در انحصار ایران بود؟,,متن ارائه شده اطلاعاتی درباره انحصار تجارت قند و چای در ایران ندارد.,متن ارائه شده اطلاعاتی درباره انحصار تجارت قند و چای در ایران ندارد.,True,False,0.0,0.0,0.0,False
شنای پروانه نیاز به چه چیزی دارد تا صورت بگیرد؟,تکنیک مناسب,حرکت هم‌زمان پاها,حرکت هم‌زمان پاها,False,False,0.0,0.0,0.0,False
در سال 1950 گیلان به چند شهرستان تقسیم شده بود؟,پنج شهرستان,5 شهرستان,5 شهرستان,True,False,0.5,0.5,0.5,False
ابن فقیه همدانی در کتاب «اخبار البلدان» آورده‌است که :آبادی طبرس در سده اول هجری از تعلقات کجا بوده؟,همدان,تعلق به اسفراین,تعلق به اسفراین,False,False,0.0,0.0,0.0,False
تئاتر در کدام دسته از هنرها جای می گیرد؟,تئاتر یکی از شاخه های  هنرهای نمایشی است,هنرهای نمایشی,هنرهای نمایشی,True,False,0.4,1.0,0.25,False
خواننده رپ با چه چیزی همراهی می‌شود؟,«بیت»,Could not find any relevant information to answer the question.,Could not find any relevant information to answer the question.,False,False,0.0,0.0,0.0,False
به کدام قسمت اروپا، اروپای جوان گفته می‌شود؟,,اروپای شرقی,اروپای شرقی,False,False,0.0,0.0,0.0,False
کتاب محبوب باغ گیاه‌شناسی اثر کیست؟,اراسموس داروین,اطلاعاتی در مورد نویسنده کتاب محبوب باغ گیاه‌شناسی در متن موجود نیست.,اطلاعاتی در مورد نویسنده کتاب محبوب باغ گیاه‌شناسی در متن موجود نیست.,False,False,0.0,0.0,0.0,False
منظور از میانه‌روها چیست؟,,Could not find any relevant information to answer the question.,Could not find any relevant information to answer the question.,False,False,0.0,0.0,0.0,False
در انتخابات ریاست جمهوری سال ۱۹۲۰ آمریکا وارن گامالیل هاردینگ چه کسی را شکست داد؟,جیمز کاکس دموکرات,جیمز کاکس,جیمز کاکس,True,False,0.8,1.0,0.6666666666666666,False
پاسارگاد در فارسنامه ابن بلخی به چه نامی ذکر شده‌است؟,کمه,کمه,کمه,True,True,1.0,1.0,1.0,True
تراژدی کمدی های دوره ی نئو کلاسیک را بیشتر با چه عنوانی نام می برند؟,بیشتر با عنوان «عشق در برابر شرف» یا «شنل و شمشیر» یا «عشق و وظیفه» نام می‌برند,تراژدی کمدی,تراژدی کمدی,False,False,0.0,0.0,0.0,False
اولین بار در چه تاریخی مسابقه ی شنا در مسافت ۴۴۰ یارد در استرالیا برپا شد؟,سال ۱۸۴۶,در متن ارائه شده اطلاعاتی درباره تاریخ برگزاری مسابقه شنا در مسافت ۴۴۰ یارد در استرالیا وجود ندارد.,در متن ارائه شده اطلاعاتی درباره تاریخ برگزاری مسابقه شنا در مسافت ۴۴۰ یارد در استرالیا وجود ندارد.,False,False,0.0,0.0,0.0,False
چند بازی چند نفره نام ببرید؟,,Could not find any relevant information to answer the question.,Could not find any relevant information to answer the question.,False,False,0.0,0.0,0.0,False
چند مورد از سوغاتی‌های استان گیلان را نام ببرید؟,محصولات کشاورزی و دامی، پرندگان، ماهی‌ها، ترشیجات و مربا، صنایع دستی ابریشمی، چوبی و حصیری از جمله سوغاتی‌های گیلان هستند,,,False,False,0.0,0.0,0.0,False
مرز بین دو گویش عمده خاوری و باختری کجاست؟,سفیدرود,مرز بین دو گویش عمده خاوری و باختری در ایران مشخص نشده است.,مرز بین دو گویش عمده خاوری و باختری در ایران مشخص نشده است.,False,False,0.0,0.0,0.0,False
معنای لغوی تئاتر چیست؟,,"تئاتر به معنای ""جای دیدن"" است.","تئاتر به معنای ""جای دیدن"" است.",False,False,0.0,0.0,0.0,False
اینترنت در چه سال‌هایی دوره‌های کوتاهی از رشد انفجاری داشته‌است؟,سال‌های ۱۹۹۶و۱۹۹۷,Could not find any relevant information to answer the question.,Could not find any relevant information to answer the question.,False,False,0.0,0.0,0.0,False
تصاویر و اسناد و سایر پرونده‌ها می‌تواند چگونه ارسال شود؟,به صورت پیوست نامه الکترونیک,Could not find any relevant information to answer the question.,Could not find any relevant information to answer the question.,False,False,0.0,0.0,0.0,False
مساحت اصلی ژاپن را کدام جزایر تشکیل داده‌است؟,۹۸٪ مساحت ژاپن از چهار جزیره به نام‌های هوکایدو، هونشو، شیکوکو و کیوشو تشکیل شده‌است.,چهار جزیره هوکایدو، هونشو، شیکوکو و کیوشو,چهار جزیره هوکایدو، هونشو، شیکوکو و کیوشو,False,False,0.6363636363636364,1.0,0.4666666666666667,False
 به نمایشی که به شکل جدی و مصیبت بار آغاز می‌شود اما شادمانه و با پایان خوش به اتمام می‌رسد؛ چه می گویند؟,تراژدی‌کمدی,Could not find any relevant information to answer the question.,Could not find any relevant information to answer the question.,False,False,0.0,0.0,0.0,False
این بیم وجود داشت که با خروج نیروهای بریتانیایی، تهران هدف حمله‌ی چه کسانی واقع شود؟,بلشویک‌ها و نیروهای تحت حمایت آن‌ها,ملیون (طرفدار آلمان),ملیون (طرفدار آلمان),False,False,0.0,0.0,0.0,False
ماهواره‌ها نیروی خود را از چه طریقی می‌گیرند؟,سلول‌های خورشیدی,متن موجود به این سوال پاسخ نمی‌دهد.,متن موجود به این سوال پاسخ نمی‌دهد.,False,False,0.0,0.0,0.0,False
قاره اروپا بعد از کدام قاره، دومین قاره کوچک جهان است؟,قاره اقیانوسیه,استرالیا,استرالیا,False,False,0.0,0.0,0.0,False
موسیقی هیپ هاپ در چه زمانی در کره جنوبی محبوبیت یافت؟,در اواسط دهه نود قرن بیستم,متن موجود اطلاعاتی درباره محبوبیت موسیقی هیپ هاپ در کره جنوبی ارائه نمی‌دهد.,متن موجود اطلاعاتی درباره محبوبیت موسیقی هیپ هاپ در کره جنوبی ارائه نمی‌دهد.,False,False,0.10526315789473684,0.07692307692307693,0.16666666666666666,False
پیروزی رونالد ریگان در ابتدای دهه ۱۹۸۰، پیروزی کدام جناح حزب جمهوری‌خواه بود؟,جناح راست,جناح راست حزب جمهوری‌خواه,جناح راست حزب جمهوری‌خواه,True,False,0.6666666666666666,0.5,1.0,True
گوگل داکیومنت چیست؟,,سرویس آنلاین ویرایش و مدیریت اسناد توسط گوگل,سرویس آنلاین ویرایش و مدیریت اسناد توسط گوگل,False,False,0.0,0.0,0.0,False
کدام دریا بزرگ‌ترین دریاچه جهان است؟,دریای خزر,دریاچهٔ خزر,دریاچهٔ خزر,False,False,0.5,0.5,0.5,False
در چه سالی مسابقات جام جهانی برای اولین بار از طریق تلویزیون پخش شدند؟,۱۹۵۴,1349,1349,False,False,0.0,0.0,0.0,False
ژاپنی‌ها چگونه در ساخت کاغذ از گیاهان استفاده می‌کنند؟,,متن ارائه شده اطلاعاتی دربارهٔ روش‌های ساخت کاغذ از گیاهان توسط ژاپنی‌ها ندارد.,متن ارائه شده اطلاعاتی دربارهٔ روش‌های ساخت کاغذ از گیاهان توسط ژاپنی‌ها ندارد.,True,False,0.0,0.0,0.0,False
چه کسانی نشان دادند که نسبت حجمی هیدروژن نسبت به اکسیژن در آب ۲ به ۱ است؟,ژوزف لویی گیلوساک و الکساندر فون هومبولت,آنتوان لوران لاوازیه و هنری کاوندیش,آنتوان لوران لاوازیه و هنری کاوندیش,False,False,0.15384615384615383,0.16666666666666666,0.14285714285714285,False
مخالفان رضاشاه او را مسئول برباد رفتن چه چیزی در ایران می‌دانند؟,مشروطیت,برباد رفتن تشکیلات دینی,برباد رفتن تشکیلات دینی,False,False,0.0,0.0,0.0,False
سلطان درجهٔ نظامی برابر با چیست؟,سرهنگ,سلطان درجهٔ نظامی برابر با است.,سلطان درجهٔ نظامی برابر با است.,False,False,0.0,0.0,0.0,False
کلیسای کاتولیک به چند آیین اصلی کلیسا باور دارد؟,هفت,هفت آیین,هفت آیین,True,False,0.6666666666666666,0.5,1.0,True
سؤال همیشگی والدینی که علاقمند هستند فرزندانشان شنا یاد بگیرند چیست؟,چه موقع باید آموزش شنا را شروع کرد,چگونه فرزندانمان را به شنا یاد بدهیم؟,چگونه فرزندانمان را به شنا یاد بدهیم؟,False,False,0.26666666666666666,0.2857142857142857,0.25,False
چه کسی شنای پروانه را ابداع کرد؟,,Could not find any relevant information to answer the question.,Could not find any relevant information to answer the question.,False,False,0.0,0.0,0.0,False
پیش از وقوع مهاجرت گسترده در جریان قرن بیستم و پس از آن، جمعیت خوزستان غالباً از چند گروه زبانی تشکیل می‌شد؟,دو گروه زبانی,دزفولی، اهوازی، شوشتری، لری بختیاری، بهمیئی، لری بالاگریوه ای,دزفولی، اهوازی، شوشتری، لری بختیاری، بهمیئی، لری بالاگریوه ای,False,False,0.0,0.0,0.0,False
رضاشاه پهلوی در چه سال‌هایی پادشاه ایران بود؟,از ۱۳۰۴ تا ۱۳۲۰ خورشیدی,1925-1941,1925-1941,True,False,0.0,0.0,0.0,False
ناصرالدین شاه در چه سالی از دنیا رفت؟,,1919,1919,False,False,0.0,0.0,0.0,False
نوار سیلیسیمی چیست؟,,متن موجود اطلاعاتی درباره نوار سیلیسیمی ارائه نمی‌دهد.,متن موجود اطلاعاتی درباره نوار سیلیسیمی ارائه نمی‌دهد.,False,False,0.0,0.0,0.0,False
فرهنگ بودایی در کدام قرن به رشد و شکوفایی رسید؟,قرن هشتم,بین قرن‌های چهارم و هفتم,بین قرن‌های چهارم و هفتم,False,False,0.0,0.0,0.0,False
دیگر چهرهٔ شاخص کودتا اسفند 1299 که بود؟,سید ضیاءالدین طباطبایی,رضاخان,رضاخان,False,False,0.0,0.0,0.0,False
 در چه سالی برای اولین بار مسابقات جام جهانی دارای مرحله گروهی شدند؟,۱۹۳۴,1934,1934,True,False,0.0,0.0,0.0,True
چه کشورهایی از قاره اروپا یک بار میزبان مسابقات جام جهانی بوده‌اند؟,سوئیس ، سوئد ، انگلستان ،اسپانیا ، آلمان ،روسیه و آلمان غربی,فرانسه، ایتالیا، بلژیک، رومانی، یوگسلاوی,فرانسه، ایتالیا، بلژیک، رومانی، یوگسلاوی,False,False,0.0,0.0,0.0,False
در بازه 1996 تا 2006 چند نفر از گیلان مهاجرت کردند؟,۱۷۷٬۷۰۷ نفر,اطلاعاتی در مورد تعداد مهاجران از گیلان در بازه 1996 تا 2006 در متن موجود نیست.,اطلاعاتی در مورد تعداد مهاجران از گیلان در بازه 1996 تا 2006 در متن موجود نیست.,False,False,0.0,0.0,0.0,False
به چه دلیل رشته بدن‌سازی در سال ۲۰۱۰ از برنامه رقابت‌های بازی‌های آسیایی کنار گذاشته شد؟,به دنبال انتقاد از نحوه و کیفیت داوری در رقابت‌های رشتهٔ بدن‌سازی در بازی‌های سال ۲۰۰۶,به دنبال انتقاد از نحوه و کیفیت داوری در رقابت‌های رشتهٔ بدن‌سازی در بازی‌های سال ۲۰۰۶,به دنبال انتقاد از نحوه و کیفیت داوری در رقابت‌های رشتهٔ بدن‌سازی در بازی‌های سال ۲۰۰۶,True,True,1.0,1.0,1.0,True
ساسانیان با چه کسانی دشمنی داشتند؟,اشکانیان,رومیان,رومیان,False,False,0.0,0.0,0.0,False
در چه روزهایی گیلان گردشگران زیادی را به سوی خود جلب می‌کند؟,روزهای تعطیل و غیرتعطیل,در متن ارائه شده، به روزهای خاصی اشاره نشده است که گیلان گردشگران زیادی را به سوی خود جلب می‌کند.,در متن ارائه شده، به روزهای خاصی اشاره نشده است که گیلان گردشگران زیادی را به سوی خود جلب می‌کند.,False,False,0.08333333333333334,0.05,0.25,False
مرحله ی توسعه و بلوغ برای یک قطعه نرم افزار را شرح دهید.,,Could not find any relevant information to answer the question.,Could not find any relevant information to answer the question.,False,False,0.0,0.0,0.0,False
گروه ویژه مهندسی اینترنت چه گروهی است؟,سازمانی بین‌المللی و غیرانتفاعی است و هر فردی می‌تواند در وظایفشان با آن مشارکت کند,پنتاگون,پنتاگون,False,False,0.0,0.0,0.0,False
کلیه روستاهای دهستان رودبار در چه منطقه‌ای قرار گرفته؟,منطقه‌ای کاملاً کوهستانی,منطقه گیلان,منطقه گیلان,False,False,0.0,0.0,0.0,False
صدا و سیمای مرکز گیلان در چه سالی فعالیت خود را شروع کرد؟,۱۳۳۴,۱۳۳۴,۱۳۳۴,True,True,1.0,1.0,1.0,True
یک نرم‌افزار پیام‌رسان نام ببرید؟,,Could not find any relevant information to answer the question.,Could not find any relevant information to answer the question.,False,False,0.0,0.0,0.0,False
چند عضو شورای المپیک آسیا در بازی‌های آسیایی ۲۰۱۰ حضور پیدا کردند؟,۴۵ عضو,تعداد اعضای شورای المپیک آسیا در متن ذکر نشده است.,تعداد اعضای شورای المپیک آسیا در متن ذکر نشده است.,False,False,0.0,0.0,0.0,False
در کدام کشور برای اولین بار مسابقات جام جهانی  دارای مرحله گروهی شدند؟,ایتالیا,ایتالیا,ایتالیا,True,True,1.0,1.0,1.0,True
مردم شهرستان اندیمشک و شوش به چه زبانی صحبت می‌کنند؟,زبان لری بالاگریوه ای,زبان عربی,زبان عربی,False,False,0.3333333333333333,0.5,0.25,False
نام پسر یزدگرد اول چه بود؟,نرسی,بهرام پنجم,بهرام پنجم,False,False,0.0,0.0,0.0,False
در سال 1381 شمسی، در مکاتبات انگلیسی، نام دریای شمال ایران چه چیزی اعلام شد؟,کاسپین,Caspian Sea,Caspian Sea,True,False,0.0,0.0,0.0,False
شعار رونالد ریگان در انتخابات سال 1980 چه بود؟,کاهش مالیات‌ها، کاهش هزینه‌های دولت، تقویت بودجه نظامی و کاهش دخالت‌های دولت در امر بخش خصوصی,کاهش مالیات‌ها، کاهش هزینه‌های دولت، تقویت بودجه نظامی و کاهش دخالت‌های دولت در امر بخش خصوصی,کاهش مالیات‌ها، کاهش هزینه‌های دولت، تقویت بودجه نظامی و کاهش دخالت‌های دولت در امر بخش خصوصی,True,True,1.0,1.0,1.0,True
چه چیزی در صفحات وب پربیننده می‌تواند سود زیادی دربرداشته باشد؟,تبلیغ برخط,بازیگران,بازیگران,False,False,0.0,0.0,0.0,False
 تغییر سرخ و تغییر آبی در چه مقیاسی اتفاق می افتد؟,در مقیاس بسیار کمی,در مقیاس بسیار کم,در مقیاس بسیار کم,True,False,0.75,0.75,0.75,False
تفرش با چه جاذبه‌هایی همه ساله پذیرای انبوه مسافران از اقصی نقاط ایران می‌باشد؟,جاذبه‌های طبیعی و تاریخی و امامزاده‌های متعدد,متن ارائه شده به جاذبه‌های تفرش اشاره‌ای نکرده است.,متن ارائه شده به جاذبه‌های تفرش اشاره‌ای نکرده است.,False,False,0.125,0.1111111111111111,0.14285714285714285,False
حزب لیبرال کانادا را توضیح دهید.,,متن ارائه شده اطلاعاتی درباره حزب لیبرال کانادا ندارد.,متن ارائه شده اطلاعاتی درباره حزب لیبرال کانادا ندارد.,True,False,0.0,0.0,0.0,False
شاپور پیروزی خودش را چگونه جشن گرفت؟,شاپور پیروزی خود را با کنده‌کاری کردن یک نقش برجسته شکوهمند در نقش رستم و بیشاپور,,,False,False,0.0,0.0,0.0,False
چه کسی در نشریهٔ خود دربارهٔ کشف حجاب و آزادی زنان نوشت و به دلیل شکایت ناظر شریعت زندان محکوم شد؟,ابراهیم خواجه‌نوری,مهدی بازرگان,مهدی بازرگان,False,False,0.0,0.0,0.0,False
هدف بنیانگذاران گوگل از انتخاب واژه‌ی گوگول چه بود؟,نشان دادن این موضوع بود که موتور جستجوی مورد نظر آنها قرار است که جستجو را در انبوهی از اطلاعات به انجام رساند,برای نشان دادن تعداد بسیار زیاد اطلاعات موجود در اینترنت.,برای نشان دادن تعداد بسیار زیاد اطلاعات موجود در اینترنت.,True,False,0.24242424242424243,0.4,0.17391304347826086,False
چه چیزی در ریه‌ها به جابجایی کربن مونوکسید از گروه هموگلوبین کمک می‌کند؟,افزایش غلظت اکسیژن,افزایش غلظت اکسیژن,افزایش غلظت اکسیژن,True,True,1.0,1.0,1.0,True
مزار کاشف السلطنه چند سال قدمت دارد؟,,حدود ۱۷۰۰ سال,حدود ۱۷۰۰ سال,False,False,0.0,0.0,0.0,False
"کدام دانشنامه در مدخل ""دید عوام نسبت به هویت گیلانی"" می‌نویسد؟",دانشنامه ایرانیکا,دانشنامه ایرانیکا,دانشنامه ایرانیکا,True,True,1.0,1.0,1.0,True
ابن مجاهد در چه قرنی می‌زیست؟,چهارم هجری,قرن چهارم هجری,قرن چهارم هجری,True,False,0.8,0.6666666666666666,1.0,True
در سال 2012 جمهوری آذربایجان روزانه چند هزار بشکه نفت از دریای خزر استخراج می‌کرد؟,۸۹۰,نمی‌توان اطلاعات مربوط به استخراج نفت از دریای خزر در سال 2012 را از متن استخراج کرد.,نمی‌توان اطلاعات مربوط به استخراج نفت از دریای خزر در سال 2012 را از متن استخراج کرد.,False,False,0.0,0.0,0.0,False
چه کسی جانشین خوبی برای برادر خود نبود؟,اردشیر دوم,Could not find any relevant information to answer the question.,Could not find any relevant information to answer the question.,False,False,0.0,0.0,0.0,False
مواد اولیه ی ایلیاد و ادیسه ی هومر از کدام تمدن گرفته شده است؟ ,تمدن باستانی اژه‌ای,تمدن یونان,تمدن یونان,False,False,0.4,0.5,0.3333333333333333,False
در چه سالی قباد اول گریخت؟,۴۹۸,سال ۴۹۸,سال ۴۹۸,True,False,0.6666666666666666,0.5,1.0,True
آبشار نیاگارا در کدام کشور می باشد؟,کانادا,کانادا,کانادا,True,True,1.0,1.0,1.0,True
برنامه‌نویس‌ها در بخش‌های سازمان فناوری اطلاعات چه شرکت‌هایی کار می‌کنند؟,شرکت‌های نرم‌افزاری بزرگ، شرکت‌های خدمت‌رسانی کوچک و نهادهای دولتی,متن ارائه شده به این سوال پاسخ نمی‌دهد.,متن ارائه شده به این سوال پاسخ نمی‌دهد.,False,False,0.0,0.0,0.0,False
